資料区分,都道府県コード,警察署等コード,本票番号,事故内容,死者数,負傷者数,路線コード,上下線,地点コード,市区町村コード,昼夜,天候,地形,路面状態,道路形状,環状交差点の直径,信号機,一時停止規制　標識（当事者A）,一時停止規制　表示（当事者A）,一時停止規制　標識（当事者B）,一時停止規制　表示（当事者B）,車道幅員,道路線形,衝突地点,ゾーン規制,中央分離帯施設等,歩車道区分,事故類型,年齢（当事者A）,年齢（当事者B）,当事者種別（当事者A）,当事者種別（当事者B）,用途別（当事者A）,用途別（当事者B）,車両形状（当事者A）,車両形状（当事者B）,速度規制（指定のみ）（当事者A）,速度規制（指定のみ）（当事者B）,車両の衝突部位（当事者A）,車両の衝突部位（当事者B）,車両の損壊程度（当事者A）,車両の損壊程度（当事者B）,エアバッグの装備（当事者A）,エアバッグの装備（当事者B）,サイドエアバッグの装備（当事者A）,サイドエアバッグの装備（当事者B）,人身損傷程度（当事者A）,人身損傷程度（当事者B）,曜日(発生年月日),祝日(発生年月日),緯度,経度,発生日,発生時,color,発生地点,道路管理者区分,道路区分,道路構造,曲線半径,縦断勾配,トンネル番号,当事者車両台数,車両単独事故の対象物,臨時速度規制の有無,速度規制（臨時のみ）,トンネル延長距離
本票,愛媛,新居浜,0026,負傷,0,2,00110,上,1750,205,昼－昼,晴,非市街地,舗装－乾燥,単路－その他,環状交差点以外 環状交差点以外をいう。,施設なし,対象外当事者,その他,対象外当事者,その他,単路－9.0m以上,直線－平坦,その他,規制なし,中央線－ペイント,区分あり－縁石・ブロック等,車両相互,25～34歳,75歳以上,乗用車－軽自動車,乗用車－軽自動車,自家用,自家用,乗用車,乗用車,50㎞／ｈ以下,50㎞／ｈ以下,前-無,後-無,小破,小破,その他,その他,その他,その他,損傷なし,負傷,土,その他,33.939218,133.328926,2019-01-19,15:25,blue,,,,,,,,,,,,
本票,愛媛,新居浜,0027,負傷,0,1,37000,対象外,0000,205,昼－昼,晴,市街地－その他,舗装－乾燥,単路－その他,環状交差点以外 環状交差点以外をいう。,施設なし,対象外当事者,その他,対象外当事者,その他,単路－3.5m以上,直線－平坦,単路（交差点付近を含む）,規制なし,中央分離なし,区分なし,車両単独,75歳以上,不明,乗用車－普通車,物件等,自家用,対象外当事者,乗用車,対象外当事者,30㎞／ｈ以下,対象外当事者,左前-無,無-無,中破,対象外当事者,装備あり 作動,対象外当事者,その他,対象外当事者,負傷,対象外当事者,水,その他,33.944472,133.293195,2019-01-23,12:35,blue,,,,,,,,,,,,
本票,愛媛,西条,0001,負傷,0,1,14040,対象外,0000,206,夜－暮,曇,非市街地,舗装－乾燥,単路－その他,環状交差点以外 環状交差点以外をいう。,施設なし,対象外当事者,その他,対象外当事者,その他,単路－13.0m以上,直線－平坦,単路（交差点付近を含む）,規制なし,中央線－ペイント,区分あり－縁石・ブロック等,車両相互,45～54歳,75歳以上,乗用車－普通車,二輪車－自動二輪－原付二種－51～125cc,自家用,自家用,乗用車,対象外当事者,50㎞／ｈ以下,50㎞／ｈ以下,左-無,前-無,中破,中破,その他,対象外当事者,その他,対象外当事者,損傷なし,負傷,月,その他,33.926745,133.177962,2018-11-26,17:37,blue,,,,,,,,,,,,
本票,愛媛,西条,0002,負傷,0,1,25240,対象外,0000,206,昼－昼,雨,市街地－人口集中,舗装－湿潤,交差点付近－その他,環状交差点以外 環状交差点以外をいう。,点灯－３灯式,対象外当事者,その他,対象外当事者,その他,単路－9.0m以上,直線－平坦,単路（交差点付近を含む）,規制なし,中央線－ペイント,区分あり－縁石・ブロック等,車両相互,65～74歳,45～54歳,乗用車－軽自動車,乗用車－軽自動車,自家用,自家用,乗用車,乗用車,40㎞／ｈ以下,40㎞／ｈ以下,右前-無,左後-無,小破,小破,その他,その他,その他,その他,損傷なし,損傷なし,日,当日,33.918333,133.185608,2018-12-23,12:33,blue,,,,,,,,,,,,
本票,愛媛,西条,0003,負傷,0,1,00110,下,1856,206,夜－夜,曇,非市街地,舗装－乾燥,交差点－その他,環状交差点以外 環状交差点以外をいう。,施設なし,標準－反射式,表示あり,規制なし,表示なし,交差点－中（5.5m以上）－小,直線－平坦,交差点内,規制なし,中央線－ペイント,区分あり－縁石・ブロック等,車両相互,0～24歳,25～34歳,乗用車－軽自動車,二輪車－自動二輪－軽二輪－126～250cc,自家用,自家用,乗用車,対象外当事者,40㎞／ｈ以下,50㎞／ｈ以下,右-無,前-無,中破,大破,その他,対象外当事者,その他,対象外当事者,損傷なし,負傷,水,その他,33.916732,133.218688,2018-12-26,20:40,blue,,,,,,,,,,,,
本票,愛媛,西条,0004,負傷,0,1,37000,対象外,0000,206,夜－暮,晴,市街地－その他,舗装－乾燥,交差点－その他,環状交差点以外 環状交差点以外をいう。,施設なし,標準－反射式,表示あり,規制なし,表示なし,交差点－中（5.5m以上）－小,直線－平坦,交差点内,規制なし,中央分離なし,区分あり－縁石・ブロック等,車両相互,25～34歳,55～64歳,乗用車－軽自動車,二輪車－原付自転車,自家用,自家用,乗用車,対象外当事者,30㎞／ｈ以下,指定の速度規制なし等,左-無,前-無,小破,小破,その他,対象外当事者,その他,対象外当事者,損傷なし,負傷,木,その他,33.911598,133.171582,2018-12-27,17:13,blue,,,,,,,,,,,,
本票,愛媛,西条,0005,負傷,0,1,37000,対象外,0000,206,夜－暮,晴,非市街地,舗装－乾燥,交差点付近－その他,環状交差点以外 環状交差点以外をいう。,施設なし,対象外当事者,その他,対象外当事者,その他,単路－13.0m以上,直線－平坦,単路（交差点付近を含む）,規制なし,中央線－ペイント,区分あり－縁石・ブロック等,車両相互,25～34歳,45～54歳,乗用車－軽自動車,乗用車－軽自動車,自家用,自家用,乗用車,乗用車,40㎞／ｈ以下,40㎞／ｈ以下,前-無,前-後,小破,小破,その他,その他,その他,その他,損傷なし,負傷,水,その他,33.943616,133.215815,2019-01-09,17:40,blue,,,,,,,,,,,,
本票,愛媛,西条,0006,負傷,0,1,14040,対象外,0000,206,昼－昼,晴,市街地－その他,舗装－乾燥,交差点付近－その他,環状交差点以外 環状交差点以外をいう。,点灯－３灯式,対象外当事者,その他,対象外当事者,その他,単路－13.0m以上,カーブ・屈折－右－平坦,単路（交差点付近を含む）,規制なし,中央線－ポストコーン,区分あり－縁石・ブロック等,車両相互,55～64歳,25～34歳,貨物車－準中型車,乗用車－普通車,自家用,自家用,貨物車,乗用車,50㎞／ｈ以下,50㎞／ｈ以下,前-無,後-無,小破,小破,その他,その他,その他,その他,損傷なし,負傷,火,その他,33.941056,133.211324,2018-09-18,07:34,blue,,,,,,,,,,,,
本票,愛媛,西条,0007,負傷,0,1,00110,上,1857,206,昼－昼,晴,非市街地,舗装－乾燥,交差点－その他,環状交差点以外 環状交差点以外をいう。,点灯－３灯式,規制なし,表示なし,規制なし,表示なし,交差点－中（5.5m以上）－小,直線－平坦,交差点内,規制なし,中央線－高輝度標示,区分あり－防護柵等,車両相互,35～44歳,45～54歳,乗用車－普通車,軽車両－自転車,自家用,対象外当事者,乗用車,対象外当事者,50㎞／ｈ以下,対象外当事者,右前-無,右-無,小破,小破,その他,対象外当事者,その他,対象外当事者,損傷なし,負傷,日,前日,33.916281,133.218176,2019-01-13,09:45,blue,,,,,,,,,,,,
本票,愛媛,西条,0008,負傷,0,1,37000,対象外,0000,206,昼－昼,晴,非市街地,舗装－乾燥,単路－その他,環状交差点以外 環状交差点以外をいう。,施設なし,対象外当事者,その他,対象外当事者,その他,単路－5.5m以上,直線－平坦,単路（交差点付近を含む）,規制なし,中央線－ペイント,区分あり－縁石・ブロック等,車両相互,55～64歳,65～74歳,貨物車－普通車,乗用車－軽自動車,自家用,自家用,貨物車,乗用車,50㎞／ｈ以下,50㎞／ｈ以下,前-無,後-無,小破,中破,その他,その他,その他,その他,損傷なし,負傷,金,その他,33.900908,133.156309,2019-01-18,09:36,blue,,,,,,,,,,,,
本票,愛媛,西条,0009,負傷,0,1,14040,対象外,0000,206,夜－明,晴,非市街地,舗装－乾燥,交差点－その他,環状交差点以外 環状交差点以外をいう。,点灯－３灯式,規制なし,表示なし,規制なし,表示なし,交差点－大（13.0ｍ以上）－中,直線－平坦,交差点内,規制なし,中央分離帯,区分あり－縁石・ブロック等,車両相互,75歳以上,25～34歳,乗用車－普通車,二輪車－自動二輪－軽二輪－126～250cc,自家用,自家用,乗用車,対象外当事者,60㎞／ｈ以下,60㎞／ｈ以下,左前-無,前-無,小破,小破,その他,対象外当事者,その他,対象外当事者,損傷なし,負傷,木,その他,33.948078,133.235774,2018-12-27,06:55,blue,,,,,,,,,,,,
本票,愛媛,西条,0010,死亡,1,0,70000,対象外,0000,206,夜－夜,晴,市街地－その他,舗装－乾燥,単路－その他,環状交差点以外 環状交差点以外をいう。,施設なし,対象外当事者,その他,対象外当事者,その他,単路－3.5m未満,直線－平坦,単路（交差点付近を含む）,規制なし,中央分離なし,区分なし,車両単独,65～74歳,不明,軽車両－自転車,相手なし,対象外当事者,対象外当事者,対象外当事者,対象外当事者,対象外当事者,対象外当事者,前-無,無-無,小破,対象外当事者,対象外当事者,対象外当事者,対象外当事者,対象外当事者,死亡,対象外当事者,火,その他,33.920663,133.200062,2019-01-29,20:10,red,,,,,,,,,,,,
本票,愛媛,西条西,0001,負傷,0,1,37000,対象外,0000,206,昼－昼,曇,非市街地,舗装－乾燥,単路－その他,環状交差点以外 環状交差点以外をいう。,施設なし,対象外当事者,その他,対象外当事者,その他,単路－3.5m以上,直線－平坦,単路（交差点付近を含む）,規制なし,中央分離なし,区分あり－路側帯,車両相互,75歳以上,45～54歳,乗用車－軽自動車,乗用車－軽自動車,自家用,自家用,乗用車,乗用車,指定の速度規制なし等,指定の速度規制なし等,前-無,後-無,小破,小破,その他,その他,その他,その他,損傷なし,負傷,木,その他,33.921582,133.074230,2018-12-27,13:10,blue,,,,,,,,,,,,
本票,愛媛,西条西,0002,負傷,0,1,37000,対象外,0000,206,昼－昼,晴,非市街地,舗装－乾燥,単路－その他,環状交差点以外 環状交差点以外をいう。,施設なし,対象外当事者,その他,対象外当事者,その他,単路－3.5m以上,直線－平坦,単路（交差点付近を含む）,規制なし,中央分離なし,区分なし,車両相互,65～74歳,0～24歳,乗用車－軽自動車,軽車両－自転車,自家用,対象外当事者,乗用車,対象外当事者,60㎞／ｈ以下,対象外当事者,左前-無,右-無,小破,小破,その他,対象外当事者,その他,対象外当事者,損傷なし,負傷,火,その他,33.914551,133.079092,2018-12-25,15:55,blue,,,,,,,,,,,,
本票,愛媛,西条西,0003,負傷,0,1,14600,対象外,0000,206,夜－夜,曇,市街地－その他,舗装－乾燥,単路－その他,環状交差点以外 環状交差点以外をいう。,施設なし,対象外当事者,その他,対象外当事者,その他,単路－9.0m以上,直線－平坦,単路（交差点付近を含む）,規制なし,中央線－ペイント,区分なし,車両相互,25～34歳,0～24歳,乗用車－普通車,二輪車－自動二輪－原付二種－51～125cc,自家用,自家用,乗用車,対象外当事者,40㎞／ｈ以下,40㎞／ｈ以下,前-無,後-無,小破,小破,その他,対象外当事者,その他,対象外当事者,損傷なし,負傷,木,その他,33.928219,133.088708,2018-12-20,23:50,blue,,,,,,,,,,,,
本票,愛媛,西条西,0004,負傷,0,1,37000,対象外,0000,206,昼－昼,晴,非市街地,舗装－乾燥,交差点－その他,環状交差点以外 環状交差点以外をいう。,施設なし,標準－反射式,表示あり,規制なし,表示なし,交差点－小（5.5m未満）－小,直線－平坦,交差点内,規制なし,中央分離なし,区分あり－路側帯,車両相互,75歳以上,45～54歳,乗用車－軽自動車,乗用車－軽自動車,自家用,自家用,乗用車,乗用車,60㎞／ｈ以下,40㎞／ｈ以下,左前-無,左後-無,小破,小破,その他,その他,その他,その他,損傷なし,負傷,金,その他,33.925584,133.073979,2018-12-28,13:15,blue,,,,,,,,,,,,
本票,愛媛,西条西,0005,負傷,0,1,99000,対象外,0000,206,昼－暮,曇,市街地－その他,舗装－乾燥,一般交通の場所,環状交差点以外 環状交差点以外をいう。,施設なし,対象外当事者,その他,対象外当事者,その他,一般交通の場所,一般交通の場所,その他,規制なし,一般交通の場所,区分なし,車両相互,75歳以上,55～64歳,乗用車－軽自動車,乗用車－軽自動車,自家用,自家用,乗用車,乗用車,60㎞／ｈ以下,60㎞／ｈ以下,前-無,後-無,小破,小破,その他,その他,その他,その他,損傷なし,負傷,金,その他,33.920441,133.076769,2018-12-28,16:25,blue,,,,,,,,,,,,
本票,愛媛,西条西,0006,負傷,0,2,00110,下,2000,206,昼－昼,曇,市街地－人口集中,舗装－乾燥,単路－その他,環状交差点以外 環状交差点以外をいう。,施設なし,対象外当事者,その他,対象外当事者,その他,単路－9.0m以上,直線－平坦,単路（交差点付近を含む）,規制なし,中央線－ペイント,区分あり－縁石・ブロック等,車両相互,55～64歳,35～44歳,貨物車－準中型車,乗用車－軽自動車,事業用,自家用,貨物車,乗用車,40㎞／ｈ以下,40㎞／ｈ以下,前-無,後-無,小破,小破,その他,その他,その他,その他,損傷なし,損傷なし,金,その他,33.881984,133.077296,2019-01-11,09:30,blue,,,,,,,,,,,,
本票,愛媛,西条西,0007,負傷,0,2,14040,対象外,0000,206,夜－夜,曇,非市街地,舗装－乾燥,交差点付近－その他,環状交差点以外 環状交差点以外をいう。,点灯－３灯式,対象外当事者,その他,対象外当事者,その他,単路－5.5m以上,直線－平坦,単路（交差点付近を含む）,規制なし,中央線－ペイント,区分なし,車両相互,35～44歳,25～34歳,乗用車－軽自動車,貨物車－軽自動車,自家用,自家用,乗用車,貨物車,50㎞／ｈ以下,50㎞／ｈ以下,後-無,前-無,小破,小破,その他,その他,その他,その他,負傷,損傷なし,木,その他,33.910432,133.111384,2018-12-27,05:50,blue,,,,,,,,,,,,
本票,愛媛,西条西,0008,負傷,0,1,00110,上,1967,206,夜－夜,曇,市街地－その他,舗装－乾燥,単路－その他,環状交差点以外 環状交差点以外をいう。,施設なし,対象外当事者,その他,対象外当事者,その他,単路－5.5m以上,直線－平坦,単路（交差点付近を含む）,規制なし,中央線－ペイント,区分あり－路側帯,車両相互,25～34歳,0～24歳,乗用車－普通車,乗用車－軽自動車,自家用,自家用,乗用車,乗用車,50㎞／ｈ以下,50㎞／ｈ以下,後-無,前-無,小破,小破,その他,その他,その他,その他,負傷,損傷なし,月,当日,33.896834,133.106442,2018-12-24,19:56,blue,,,,,,,,,,,,
本票,愛媛,西条西,0009,負傷,0,1,14600,対象外,0000,206,昼－昼,晴,市街地－その他,舗装－乾燥,単路－その他,環状交差点以外 環状交差点以外をいう。,施設なし,対象外当事者,その他,対象外当事者,その他,単路－5.5m以上,直線－平坦,単路（交差点付近を含む）,規制なし,中央線－ペイント,区分あり－縁石・ブロック等,車両相互,45～54歳,75歳以上,乗用車－普通車,乗用車－軽自動車,自家用,自家用,乗用車,乗用車,40㎞／ｈ以下,40㎞／ｈ以下,後-後,前-前,小破,小破,その他,その他,その他,その他,負傷,損傷なし,金,その他,33.918222,133.076360,2019-01-18,12:08,blue,,,,,,,,,,,,
本票,愛媛,西条西,0010,負傷,0,1,01960,上,0625,206,昼－昼,晴,市街地－その他,舗装－乾燥,単路－その他,環状交差点以外 環状交差点以外をいう。,施設なし,対象外当事者,その他,対象外当事者,その他,単路－9.0m以上,直線－平坦,単路（交差点付近を含む）,規制なし,中央線－ペイント,区分あり－縁石・ブロック等,車両相互,45～54歳,35～44歳,貨物車－準中型車,貨物車－普通車,事業用,自家用,貨物車,貨物車,40㎞／ｈ以下,40㎞／ｈ以下,前-無,後-前,小破,小破,その他,その他,その他,その他,損傷なし,負傷,日,その他,33.937032,133.086387,2018-12-30,13:50,blue,,,,,,,,,,,,
本票,愛媛,西条西,0011,負傷,0,1,01960,上,0578,206,昼－暮,曇,非市街地,舗装－乾燥,交差点－その他,環状交差点以外 環状交差点以外をいう。,施設なし,規制なし,表示なし,規制なし,表示なし,交差点－中（5.5m以上）－小,直線－平坦,交差点内,規制なし,中央線－ペイント,区分あり－縁石・ブロック等,車両相互,35～44歳,75歳以上,乗用車－普通車,軽車両－自転車,自家用,対象外当事者,乗用車,対象外当事者,50㎞／ｈ以下,対象外当事者,左前-無,前-右,中破,中破,その他,対象外当事者,その他,対象外当事者,損傷なし,負傷,土,その他,33.973394,133.061423,2018-12-29,16:28,blue,,,,,,,,,,,,
本票,愛媛,西条西,0012,負傷,0,1,37000,対象外,0000,206,夜－暮,曇,市街地－人口集中,舗装－乾燥,交差点－その他,環状交差点以外 環状交差点以外をいう。,点灯－３灯式,規制なし,表示なし,規制なし,表示なし,交差点－中（5.5m以上）－小,直線－平坦,交差点内,規制なし,中央線－ペイント,区分あり－縁石・ブロック等,車両相互,75歳以上,75歳以上,乗用車－普通車,貨物車－軽自動車,自家用,自家用,乗用車,貨物車,30㎞／ｈ以下,指定の速度規制なし等,左-無,前-無,小破,小破,その他,その他,その他,その他,負傷,損傷なし,金,その他,33.932852,133.080463,2019-01-11,17:35,blue,,,,,,,,,,,,
本票,愛媛,西条西,0013,負傷,0,1,00110,下,2019,206,昼－昼,雨,市街地－人口集中,舗装－湿潤,交差点－その他,環状交差点以外 環状交差点以外をいう。,施設なし,規制なし,表示なし,規制なし,表示なし,交差点－大（13.0ｍ以上）－小,直線－平坦,交差点内,規制なし,中央線－ペイント,区分あり－縁石・ブロック等,車両相互,55～64歳,45～54歳,貨物車－大型車,乗用車－軽自動車,自家用,自家用,貨物車,乗用車,50㎞／ｈ以下,指定の速度規制なし等,前-無,右-無,小破,中破,その他,その他,その他,その他,損傷なし,負傷,日,その他,33.872685,133.059124,2019-01-20,08:50,blue,,,,,,,,,,,,
本票,愛媛,西条西,0014,負傷,0,1,37000,対象外,0000,206,昼－昼,晴,非市街地,舗装－乾燥,交差点－その他,環状交差点以外 環状交差点以外をいう。,施設なし,標準－反射式,表示あり,規制なし,表示なし,交差点－中（5.5m以上）－小,直線－平坦,交差点内,規制なし,中央線－ペイント,区分あり－路側帯,車両相互,65～74歳,65～74歳,乗用車－普通車,二輪車－原付自転車,自家用,自家用,乗用車,対象外当事者,指定の速度規制なし等,指定の速度規制なし等,左前-無,前-無,小破,中破,その他,対象外当事者,その他,対象外当事者,損傷なし,負傷,日,その他,33.926713,133.061033,2018-12-30,11:00,blue,,,,,,,,,,,,
本票,愛媛,今治,0001,負傷,0,3,03170,下,0000,202,昼－昼,晴,非市街地,舗装－乾燥,交差点－その他,環状交差点以外 環状交差点以外をいう。,点灯－３灯式,規制なし,表示なし,規制なし,表示なし,交差点－中（5.5m以上）－中,直線－平坦,交差点内,規制なし,中央線－ペイント,区分あり－縁石・ブロック等,車両相互,65～74歳,75歳以上,乗用車－軽自動車,貨物車－軽自動車,自家用,自家用,乗用車,貨物車,50㎞／ｈ以下,50㎞／ｈ以下,左前-無,前-無,大破,大破,装備あり 作動,装備あり 作動,その他,その他,負傷,負傷,火,当日,34.034456,132.971117,2019-01-01,14:05,blue,,,,,,,,,,,,
本票,愛媛,今治,0002,負傷,0,1,14390,対象外,0000,202,昼－明,晴,市街地－その他,舗装－乾燥,単路－その他,環状交差点以外 環状交差点以外をいう。,施設なし,対象外当事者,その他,対象外当事者,その他,単路－3.5m以上,直線－平坦,単路（交差点付近を含む）,規制なし,中央分離帯,区分あり－縁石・ブロック等,車両相互,25～34歳,25～34歳,乗用車－軽自動車,乗用車－軽自動車,自家用,自家用,乗用車,乗用車,50㎞／ｈ以下,50㎞／ｈ以下,右前-前,後-右後,小破,小破,その他,その他,その他,その他,損傷なし,負傷,火,その他,34.093494,132.977167,2018-12-25,08:00,blue,,,,,,,,,,,,
本票,愛媛,今治,0003,負傷,0,1,03170,下,0000,202,夜－明,晴,市街地－人口集中,舗装－乾燥,単路－その他,環状交差点以外 環状交差点以外をいう。,施設なし,対象外当事者,その他,対象外当事者,その他,単路－5.5m以上,直線－平坦,単路（交差点付近を含む）,規制なし,中央線－ペイント,区分あり－縁石・ブロック等,車両相互,45～54歳,65～74歳,乗用車－普通車,軽車両－自転車,自家用,対象外当事者,乗用車,対象外当事者,40㎞／ｈ以下,対象外当事者,前-無,後-無,小破,中破,その他,対象外当事者,その他,対象外当事者,損傷なし,負傷,土,その他,34.075141,132.991030,2018-12-29,06:21,blue,,,,,,,,,,,,
本票,愛媛,今治,0004,負傷,0,1,25410,対象外,0000,202,昼－昼,雨,市街地－その他,舗装－湿潤,単路－その他,環状交差点以外 環状交差点以外をいう。,施設なし,対象外当事者,その他,対象外当事者,その他,単路－19.5m以上,直線－平坦,単路（交差点付近を含む）,規制なし,中央線－ペイント,区分あり－縁石・ブロック等,車両相互,75歳以上,35～44歳,乗用車－軽自動車,乗用車－軽自動車,自家用,自家用,乗用車,乗用車,40㎞／ｈ以下,40㎞／ｈ以下,前-無,後-無,小破,小破,その他,その他,その他,その他,損傷なし,負傷,木,その他,34.067002,132.997360,2018-12-20,14:16,blue,,,,,,,,,,,,
本票,愛媛,今治,0005,負傷,0,3,37000,対象外,0000,202,昼－昼,晴,市街地－その他,舗装－乾燥,単路－その他,環状交差点以外 環状交差点以外をいう。,施設なし,対象外当事者,その他,対象外当事者,その他,単路－3.5m未満,直線－下り,その他,規制なし,中央分離なし,区分なし,車両相互,45～54歳,25～34歳,乗用車－普通車,貨物車－軽自動車,自家用,自家用,乗用車,貨物車,指定の速度規制なし等,指定の速度規制なし等,前-右前,前-右前,中破,小破,その他,その他,その他,その他,負傷,損傷なし,土,その他,34.107987,132.927553,2018-12-29,13:56,blue,,,,,,,,,,,,
本票,愛媛,今治,0006,負傷,0,1,37000,対象外,0000,202,昼－昼,曇,非市街地,舗装－乾燥,交差点－その他,環状交差点以外 環状交差点以外をいう。,施設なし,規制なし,表示なし,規制なし,表示なし,交差点－小（5.5m未満）－小,直線－平坦,交差点内,規制なし,中央分離なし,区分なし,車両相互,55～64歳,65～74歳,乗用車－普通車,乗用車－軽自動車,自家用,自家用,乗用車,乗用車,指定の速度規制なし等,指定の速度規制なし等,前-無,左-無,小破,中破,その他,その他,その他,その他,損傷なし,負傷,月,その他,34.030467,132.983048,2018-12-17,09:25,blue,,,,,,,,,,,,
本票,愛媛,今治,0007,負傷,0,1,14390,対象外,0000,202,夜－暮,曇,市街地－その他,舗装－乾燥,交差点－その他,環状交差点以外 環状交差点以外をいう。,点灯－３灯式,規制なし,表示なし,規制なし,表示なし,交差点－大（13.0ｍ以上）－中,直線－平坦,交差点内,規制なし,中央分離なし,区分あり－縁石・ブロック等,車両相互,65～74歳,0～24歳,貨物車－軽自動車,軽車両－自転車,自家用,対象外当事者,貨物車,対象外当事者,40㎞／ｈ以下,対象外当事者,左前-無,前-無,小破,小破,その他,対象外当事者,その他,対象外当事者,損傷なし,負傷,土,前日,34.062071,133.001708,2018-12-22,17:47,blue,,,,,,,,,,,,
本票,愛媛,今治,0008,負傷,0,1,37000,対象外,0000,202,夜－夜,雨,非市街地,舗装－湿潤,交差点－その他,環状交差点以外 環状交差点以外をいう。,点灯－３灯式,規制なし,表示なし,対象外当事者,その他,交差点－中（5.5m以上）－中,直線－平坦,交差点内,規制なし,中央分離なし,区分あり－縁石・ブロック等,人対車両,65～74歳,35～44歳,乗用車－普通車,歩行者,事業用,対象外当事者,乗用車,対象外当事者,20㎞／ｈ以下,対象外当事者,前-無,無-無,小破,対象外当事者,その他,対象外当事者,その他,対象外当事者,損傷なし,負傷,日,当日,34.065695,132.993276,2018-12-23,18:17,blue,,,,,,,,,,,,
本票,愛媛,今治,0009,負傷,0,1,37000,対象外,0000,202,昼－昼,晴,市街地－その他,舗装－乾燥,交差点－その他,環状交差点以外 環状交差点以外をいう。,点灯－３灯式,規制なし,表示なし,規制なし,表示なし,交差点－大（13.0ｍ以上）－大,カーブ・屈折－左－上り,交差点内,規制なし,中央分離帯,区分あり－縁石・ブロック等,車両相互,55～64歳,0～24歳,乗用車－普通車,軽車両－自転車,自家用,対象外当事者,乗用車,対象外当事者,40㎞／ｈ以下,対象外当事者,前-無,左-無,小破,小破,その他,対象外当事者,その他,対象外当事者,損傷なし,負傷,日,その他,34.056574,133.000869,2018-12-30,08:35,blue,,,,,,,,,,,,
本票,愛媛,今治,0010,負傷,0,1,03170,上,0000,202,夜－暮,曇,非市街地,舗装－湿潤,交差点－その他,環状交差点以外 環状交差点以外をいう。,施設なし,規制なし,表示なし,対象外当事者,その他,交差点－大（13.0ｍ以上）－中,直線－平坦,交差点内,規制なし,中央線－ペイント,区分あり－縁石・ブロック等,人対車両,25～34歳,65～74歳,乗用車－軽自動車,歩行者,自家用,対象外当事者,乗用車,対象外当事者,50㎞／ｈ以下,対象外当事者,右前-無,無-無,小破,対象外当事者,その他,対象外当事者,その他,対象外当事者,損傷なし,負傷,土,その他,34.021871,132.942910,2019-01-12,17:33,blue,,,,,,,,,,,,
本票,愛媛,今治,0011,負傷,0,2,25130,対象外,0000,202,昼－昼,曇,市街地－その他,舗装－乾燥,単路－その他,環状交差点以外 環状交差点以外をいう。,施設なし,対象外当事者,その他,対象外当事者,その他,単路－13.0m以上,直線－平坦,単路（交差点付近を含む）,規制なし,中央線－ペイント,区分あり－縁石・ブロック等,車両相互,45～54歳,65～74歳,乗用車－軽自動車,乗用車－軽自動車,自家用,自家用,乗用車,乗用車,40㎞／ｈ以下,40㎞／ｈ以下,前-無,後-無,小破,小破,その他,その他,その他,その他,損傷なし,負傷,月,前日,34.053181,132.985010,2018-12-31,10:20,blue,,,,,,,,,,,,
本票,愛媛,今治,0012,負傷,0,2,01961,上,0000,202,夜－夜,晴,非市街地,舗装－乾燥,交差点－その他,環状交差点以外 環状交差点以外をいう。,施設なし,規制なし,表示なし,規制なし,表示なし,交差点－大（13.0ｍ以上）－中,直線－上り,交差点内,規制なし,中央分離帯,区分あり－縁石・ブロック等,車両相互,35～44歳,65～74歳,乗用車－普通車,乗用車－軽自動車,自家用,自家用,乗用車,乗用車,50㎞／ｈ以下,50㎞／ｈ以下,右後-無,右前-無,小破,小破,その他,その他,その他,その他,負傷,損傷なし,火,その他,34.057714,132.972225,2019-01-08,18:19,blue,,,,,,,,,,,,
本票,愛媛,今治,0013,負傷,0,1,01960,上,0275,202,夜－暮,雨,市街地－その他,舗装－湿潤,単路－その他,環状交差点以外 環状交差点以外をいう。,施設なし,対象外当事者,その他,対象外当事者,その他,単路－5.5m以上,直線－平坦,単路（交差点付近を含む）,規制なし,中央線－ペイント,区分あり－縁石・ブロック等,車両相互,35～44歳,25～34歳,貨物車－準中型車,乗用車－普通車,自家用,自家用,貨物車,乗用車,40㎞／ｈ以下,40㎞／ｈ以下,後-無,前-無,小破,中破,その他,その他,その他,その他,負傷,損傷なし,月,その他,34.035802,132.840047,2018-12-03,17:40,blue,,,,,,,,,,,,
本票,愛媛,今治,0014,負傷,0,1,03170,対象外,0000,202,夜－夜,晴,市街地－その他,舗装－乾燥,単路－その他,環状交差点以外 環状交差点以外をいう。,施設なし,対象外当事者,その他,対象外当事者,その他,単路－9.0m以上,直線－平坦,単路（交差点付近を含む）,規制なし,中央分離帯,区分あり－縁石・ブロック等,車両相互,65～74歳,0～24歳,乗用車－普通車,乗用車－軽自動車,自家用,自家用,乗用車,乗用車,40㎞／ｈ以下,40㎞／ｈ以下,右後-無,左前-無,小破,小破,その他,その他,その他,その他,損傷なし,負傷,木,その他,34.083663,132.990753,2018-12-13,20:18,blue,,,,,,,,,,,,
本票,愛媛,今治,0015,負傷,0,1,03170,対象外,0000,202,昼－昼,晴,非市街地,舗装－乾燥,交差点－その他,環状交差点以外 環状交差点以外をいう。,点灯－３灯式,規制なし,表示なし,規制なし,表示なし,交差点－大（13.0ｍ以上）－中,直線－平坦,交差点内,規制なし,中央分離帯,区分あり－縁石・ブロック等,車両相互,55～64歳,65～74歳,乗用車－普通車,軽車両－自転車,自家用,対象外当事者,乗用車,対象外当事者,40㎞／ｈ以下,対象外当事者,前-無,右-無,小破,小破,その他,対象外当事者,その他,対象外当事者,損傷なし,負傷,水,その他,34.069674,132.994868,2018-11-28,11:01,blue,,,,,,,,,,,,