資料区分,都道府県コード,警察署等コード,本票番号,事故内容,死者数,負傷者数,路線コード,上下線,地点コード,市区町村コード,昼夜,天候,地形,路面状態,道路形状,環状交差点の直径,信号機,一時停止規制　標識（当事者A）,一時停止規制　表示（当事者A）,一時停止規制　標識（当事者B）,一時停止規制　表示（当事者B）,車道幅員,道路線形,衝突地点,ゾーン規制,中央分離帯施設等,歩車道区分,事故類型,年齢（当事者A）,年齢（当事者B）,当事者種別（当事者A）,当事者種別（当事者B）,用途別（当事者A）,用途別（当事者B）,車両形状（当事者A）,車両形状（当事者B）,速度規制（指定のみ）（当事者A）,速度規制（指定のみ）（当事者B）,車両の衝突部位（当事者A）,車両の衝突部位（当事者B）,車両の損壊程度（当事者A）,車両の損壊程度（当事者B）,エアバッグの装備（当事者A）,エアバッグの装備（当事者B）,サイドエアバッグの装備（当事者A）,サイドエアバッグの装備（当事者B）,人身損傷程度（当事者A）,人身損傷程度（当事者B）,曜日(発生年月日),祝日(発生年月日),緯度,経度,発生日,発生時,color,発生地点,道路管理者区分,道路区分,道路構造,曲線半径,縦断勾配,トンネル番号,当事者車両台数,車両単独事故の対象物,臨時速度規制の有無,速度規制（臨時のみ）,トンネル延長距離
本票,愛媛,高速道路交通警察隊,0002,負傷,0,1,四国横断自動車道 阿南四万十線 下り,下,0685,213,昼－昼,曇,非市街地,舗装－湿潤,単路－トンネル,環状交差点以外 環状交差点以外をいう。,施設なし,対象外当事者,その他,対象外当事者,その他,単路－9.0m以上,カーブ・屈折－右－平坦,単路（交差点付近を含む）,規制なし,中央分離帯,区分あり－路側帯,車両相互,25～34歳,35～44歳,貨物車－準中型車,貨物車－軽自動車,自家用,事業用,貨物車,貨物車,80㎞／ｈ以下,80㎞／ｈ以下,前-無,後-無,小破,小破,その他,その他,その他,その他,損傷なし,負傷,月,その他,33.917968,133.638164,2019-03-04,16:50,blue,685,西日本高速道路,追越車線,完全分離－トンネル,カーブ－1000m以上,平坦・該当なし,総野,2,該当なし,該当なし,80㎞/h以下,225
本票,愛媛,高速道路交通警察隊,0003,負傷,0,2,四国縦貫自動車道 下り,下,1281,215,昼－昼,曇,非市街地,舗装－乾燥,単路－トンネル,環状交差点以外 環状交差点以外をいう。,施設なし,対象外当事者,その他,対象外当事者,その他,単路－9.0m以上,カーブ・屈折－右－平坦,単路（交差点付近を含む）,規制なし,中央分離帯,区分なし,車両相互,45～54歳,65～74歳,貨物車－準中型車,乗用車－普通車,自家用,自家用,貨物車,乗用車,80㎞／ｈ以下,80㎞／ｈ以下,前-無,後-無,中破,小破,その他,その他,その他,その他,損傷なし,負傷,火,その他,33.790948,132.922590,2019-03-19,13:25,blue,1281,西日本高速道路,走行車線－第二通行帯以上,完全分離－トンネル,カーブ－1000m以上,平坦・該当なし,則之内,2,該当なし,該当なし,80㎞/h以下,373
本票,愛媛,高速道路交通警察隊,0004,負傷,0,1,松山外環状道路 上り,上,0028,201,昼－昼,曇,市街地－その他,舗装－乾燥,単路－橋,環状交差点以外 環状交差点以外をいう。,施設なし,対象外当事者,その他,対象外当事者,その他,単路－9.0m以上,直線－平坦,単路（交差点付近を含む）,規制なし,中央分離帯,区分あり－路側帯,車両相互,0～24歳,25～34歳,乗用車－普通車,貨物車－普通車,自家用,自家用,乗用車,貨物車,60㎞／ｈ以下,60㎞／ｈ以下,前-後,前-前,中破,小破,その他,装備あり 作動,その他,その他,負傷,損傷なし,土,その他,33.802529,132.774533,2019-03-23,16:19,blue,28,国土交通省,走行車線－第一通行帯,完全分離－高架・橋梁,直線,平坦・該当なし,,3,該当なし,該当なし,60㎞/h以下,0
本票,愛媛,高速道路交通警察隊,0005,負傷,0,2,四国縦貫自動車道 下り,下,0965,206,夜－明,曇,非市街地,舗装－乾燥,単路－その他,環状交差点以外 環状交差点以外をいう。,施設なし,対象外当事者,その他,対象外当事者,その他,単路－19.5m以上,直線－平坦,単路（交差点付近を含む）,規制なし,中央分離帯,区分あり－路側帯,車両相互,45～54歳,25～34歳,貨物車－大型車,貨物車－中型車,事業用,事業用,貨物車,貨物車,80㎞／ｈ以下,80㎞／ｈ以下,左前-無,右後-無,中破,大破,その他,その他,その他,その他,損傷なし,負傷,火,その他,33.903806,133.203589,2019-03-26,05:47,blue,965,西日本高速道路,路肩,完全分離－その他,直線,平坦・該当なし,,2,該当なし,該当なし,80㎞/h以下,0
本票,愛媛,四国中央,0027,負傷,0,1,37000,対象外,0000,213,昼－昼,雨,市街地－その他,舗装－湿潤,単路－その他,環状交差点以外 環状交差点以外をいう。,施設なし,対象外当事者,その他,対象外当事者,その他,単路－5.5m以上,直線－平坦,単路（交差点付近を含む）,規制なし,中央分離なし,区分なし,車両相互,55～64歳,75歳以上,乗用車－軽自動車,二輪車－原付自転車,自家用,自家用,乗用車,対象外当事者,指定の速度規制なし等,指定の速度規制なし等,前-無,左-無,小破,小破,その他,対象外当事者,その他,対象外当事者,損傷なし,負傷,木,その他,33.953167,133.418858,2019-02-28,11:50,blue,,,,,,,,,,,,
本票,愛媛,四国中央,0028,負傷,0,1,01920,上,0000,213,昼－昼,晴,市街地－その他,舗装－乾燥,交差点－その他,環状交差点以外 環状交差点以外をいう。,施設なし,規制なし,表示なし,規制なし,表示なし,交差点－中（5.5m以上）－小,直線－平坦,交差点内,規制なし,中央線－ペイント,区分あり－縁石・ブロック等,車両相互,55～64歳,65～74歳,乗用車－普通車,乗用車－軽自動車,自家用,自家用,乗用車,乗用車,50㎞／ｈ以下,指定の速度規制なし等,左-無,左前-無,小破,小破,その他,その他,その他,その他,負傷,損傷なし,水,その他,33.991610,133.598633,2019-02-27,14:09,blue,,,,,,,,,,,,
本票,愛媛,四国中央,0029,負傷,0,1,37000,対象外,0000,213,昼－昼,晴,非市街地,舗装－乾燥,単路－その他,環状交差点以外 環状交差点以外をいう。,施設なし,対象外当事者,その他,対象外当事者,その他,単路－3.5m以上,直線－平坦,その他,規制なし,中央分離なし,区分なし,車両単独,55～64歳,不明,乗用車－軽自動車,物件等,自家用,対象外当事者,乗用車,対象外当事者,指定の速度規制なし等,対象外当事者,左前-無,無-無,小破,対象外当事者,装備あり 作動,対象外当事者,その他,対象外当事者,負傷,対象外当事者,金,その他,33.969765,133.520454,2019-03-01,13:30,blue,,,,,,,,,,,,
本票,愛媛,四国中央,0030,負傷,0,1,00110,上,1558,213,昼－昼,晴,市街地－その他,舗装－乾燥,単路－その他,環状交差点以外 環状交差点以外をいう。,点灯－３灯式,対象外当事者,その他,対象外当事者,その他,単路－5.5m以上,直線－平坦,単路（交差点付近を含む）,規制なし,中央線－ペイント,区分あり－縁石・ブロック等,車両相互,55～64歳,35～44歳,貨物車－準中型車,乗用車－普通車,事業用,自家用,貨物車,乗用車,50㎞／ｈ以下,50㎞／ｈ以下,前-無,後-前,小破,小破,その他,その他,その他,その他,損傷なし,負傷,日,その他,33.970709,133.523241,2019-03-03,16:38,blue,,,,,,,,,,,,
本票,愛媛,四国中央,0031,負傷,0,1,00110,下,1691,213,夜－暮,曇,非市街地,舗装－乾燥,交差点－その他,環状交差点以外 環状交差点以外をいう。,点滅－３灯式,規制なし,表示なし,規制なし,表示なし,交差点－中（5.5m以上）－小,直線－平坦,交差点内,規制なし,中央線－ペイント,区分あり－路側帯,車両相互,55～64歳,25～34歳,乗用車－普通車,二輪車－自動二輪－軽二輪－126～250cc,自家用,自家用,乗用車,対象外当事者,指定の速度規制なし等,50㎞／ｈ以下,右前-無,前-無,小破,小破,その他,対象外当事者,その他,対象外当事者,損傷なし,負傷,金,その他,33.945010,133.385570,2019-02-01,17:50,blue,,,,,,,,,,,,
本票,愛媛,四国中央,0032,負傷,0,1,37000,対象外,0000,213,昼－昼,晴,市街地－その他,舗装－乾燥,交差点－その他,環状交差点以外 環状交差点以外をいう。,施設なし,規制なし,表示なし,規制なし,表示なし,交差点－小（5.5m未満）－小,直線－平坦,交差点内,規制なし,中央分離なし,区分なし,車両相互,55～64歳,35～44歳,乗用車－普通車,貨物車－普通車,自家用,事業用,乗用車,貨物車,指定の速度規制なし等,指定の速度規制なし等,右前-無,左前-無,小破,小破,その他,その他,その他,その他,負傷,損傷なし,木,その他,33.981526,133.542925,2019-02-14,13:08,blue,,,,,,,,,,,,
本票,愛媛,四国中央,0033,負傷,0,1,14610,対象外,0000,213,夜－夜,晴,市街地－その他,舗装－乾燥,交差点－その他,環状交差点以外 環状交差点以外をいう。,点灯－３灯式,規制なし,表示なし,規制なし,表示なし,交差点－中（5.5m以上）－中,直線－平坦,交差点内,規制なし,中央分離なし,区分あり－縁石・ブロック等,車両相互,35～44歳,0～24歳,乗用車－普通車,乗用車－軽自動車,事業用,自家用,乗用車,乗用車,40㎞／ｈ以下,40㎞／ｈ以下,左-無,前-無,小破,小破,その他,その他,その他,その他,損傷なし,負傷,火,その他,34.001014,133.578156,2019-02-26,20:40,blue,,,,,,,,,,,,
本票,愛媛,四国中央,0034,負傷,0,1,01920,下,0000,213,昼－昼,晴,市街地－その他,舗装－乾燥,交差点－その他,環状交差点以外 環状交差点以外をいう。,点灯－歩車分式,規制なし,表示なし,規制なし,表示なし,交差点－中（5.5m以上）－中,直線－平坦,交差点内,規制なし,中央線－ペイント,区分あり－縁石・ブロック等,車両相互,0～24歳,55～64歳,乗用車－普通車,二輪車－原付自転車,自家用,自家用,乗用車,対象外当事者,50㎞／ｈ以下,指定の速度規制なし等,左前-無,前-無,小破,小破,その他,対象外当事者,その他,対象外当事者,損傷なし,負傷,月,その他,33.994347,133.573887,2019-03-11,16:51,blue,,,,,,,,,,,,
本票,愛媛,四国中央,0035,負傷,0,1,37000,対象外,0000,213,昼－昼,晴,非市街地,舗装－乾燥,単路－その他,環状交差点以外 環状交差点以外をいう。,施設なし,対象外当事者,その他,対象外当事者,その他,単路－3.5m以上,直線－平坦,単路（交差点付近を含む）,規制なし,中央分離なし,区分なし,車両相互,65～74歳,75歳以上,乗用車－普通車,貨物車－軽自動車,自家用,自家用,乗用車,貨物車,指定の速度規制なし等,指定の速度規制なし等,右前-無,左前-無,小破,小破,その他,その他,その他,その他,損傷なし,損傷なし,月,その他,33.983784,133.575644,2019-03-11,17:05,blue,,,,,,,,,,,,
本票,愛媛,四国中央,0036,負傷,0,1,00110,上,0000,213,夜－夜,晴,市街地－その他,舗装－乾燥,交差点－その他,環状交差点以外 環状交差点以外をいう。,点灯－３灯式,規制なし,表示なし,対象外当事者,その他,交差点－中（5.5m以上）－中,直線－平坦,交差点内,規制なし,中央分離帯,区分あり－縁石・ブロック等,人対車両,0～24歳,55～64歳,乗用車－普通車,歩行者,自家用,対象外当事者,乗用車,対象外当事者,30㎞／ｈ以下,対象外当事者,前-無,無-無,小破,対象外当事者,その他,対象外当事者,その他,対象外当事者,損傷なし,負傷,金,その他,33.981501,133.538901,2019-03-15,23:35,blue,,,,,,,,,,,,
本票,愛媛,四国中央,0037,負傷,0,1,00111,上,0000,213,昼－昼,曇,市街地－その他,舗装－乾燥,単路－その他,環状交差点以外 環状交差点以外をいう。,施設なし,対象外当事者,その他,対象外当事者,その他,単路－3.5m以上,直線－平坦,単路（交差点付近を含む）,規制なし,中央分離帯,区分あり－縁石・ブロック等,車両相互,65～74歳,25～34歳,乗用車－普通車,乗用車－普通車,自家用,自家用,乗用車,乗用車,50㎞／ｈ以下,50㎞／ｈ以下,前-無,後-前,小破,小破,その他,その他,その他,その他,損傷なし,負傷,金,その他,33.976457,133.546388,2019-02-22,15:10,blue,,,,,,,,,,,,
本票,愛媛,四国中央,0038,負傷,0,1,37000,対象外,0000,213,昼－昼,曇,非市街地,舗装－乾燥,踏切－第一種,環状交差点以外 環状交差点以外をいう。,施設なし,対象外当事者,その他,対象外当事者,その他,単路－5.5m以上,直線－平坦,その他,規制なし,中央分離なし,区分なし,列車,75歳以上,55～64歳,貨物車－軽自動車,列車,自家用,対象外当事者,貨物車,対象外当事者,指定の速度規制なし等,対象外当事者,左後-左前,無-無,大破,小破,その他,対象外当事者,その他,対象外当事者,損傷なし,損傷なし,土,その他,33.964556,133.449803,2019-03-23,07:35,blue,,,,,,,,,,,,
本票,愛媛,四国中央,0039,負傷,0,1,00111,下,1571,213,夜－夜,曇,市街地－その他,舗装－乾燥,交差点付近－その他,環状交差点以外 環状交差点以外をいう。,点灯－３灯式,対象外当事者,その他,対象外当事者,その他,単路－5.5m以上,直線－平坦,単路（交差点付近を含む）,規制なし,中央分離帯,区分あり－縁石・ブロック等,車両相互,25～34歳,25～34歳,乗用車－普通車,乗用車－軽自動車,自家用,自家用,乗用車,乗用車,50㎞／ｈ以下,50㎞／ｈ以下,後-無,前-無,小破,小破,その他,その他,その他,その他,負傷,損傷なし,月,その他,33.973073,133.533892,2019-03-18,20:24,blue,,,,,,,,,,,,
本票,愛媛,四国中央,0041,負傷,0,1,37000,対象外,0000,213,昼－昼,曇,非市街地,舗装－乾燥,単路－その他,環状交差点以外 環状交差点以外をいう。,施設なし,対象外当事者,その他,対象外当事者,その他,単路－5.5m以上,直線－平坦,単路（交差点付近を含む）,規制なし,中央分離なし,区分あり－路側帯,車両相互,25～34歳,75歳以上,乗用車－軽自動車,二輪車－原付自転車,自家用,自家用,乗用車,対象外当事者,指定の速度規制なし等,指定の速度規制なし等,右後-無,左-無,小破,小破,その他,対象外当事者,その他,対象外当事者,損傷なし,負傷,金,その他,33.969514,133.438633,2019-03-29,07:56,blue,,,,,,,,,,,,
本票,愛媛,四国中央,0042,負傷,0,1,14350,対象外,0000,213,夜－夜,晴,市街地－その他,舗装－乾燥,交差点－その他,環状交差点以外 環状交差点以外をいう。,点灯－３灯式,標準－反射式,表示あり,規制なし,表示なし,交差点－中（5.5m以上）－小,直線－平坦,交差点内,規制なし,中央分離なし,区分あり－縁石・ブロック等,車両相互,0～24歳,35～44歳,乗用車－普通車,乗用車－普通車,自家用,自家用,乗用車,乗用車,指定の速度規制なし等,40㎞／ｈ以下,右前-無,右前-無,小破,小破,その他,その他,その他,その他,損傷なし,負傷,木,その他,33.991331,133.588116,2019-03-14,19:19,blue,,,,,,,,,,,,
本票,愛媛,新居浜,0051,負傷,0,1,37000,対象外,0000,205,昼－明,曇,市街地－人口集中,舗装－乾燥,交差点－その他,環状交差点以外 環状交差点以外をいう。,施設なし,規制なし,表示なし,規制なし,表示なし,交差点－中（5.5m以上）－中,直線－平坦,交差点内,規制なし,中央線－ペイント,区分あり－路側帯,車両相互,45～54歳,55～64歳,乗用車－普通車,軽車両－自転車,自家用,対象外当事者,乗用車,対象外当事者,40㎞／ｈ以下,対象外当事者,左前-無,後-無,小破,小破,その他,対象外当事者,その他,対象外当事者,損傷なし,負傷,水,その他,33.975421,133.293796,2019-02-27,07:27,blue,,,,,,,,,,,,
本票,愛媛,新居浜,0052,負傷,0,1,14040,対象外,0000,205,昼－明,晴,市街地－人口集中,舗装－湿潤,単路－その他,環状交差点以外 環状交差点以外をいう。,施設なし,対象外当事者,その他,対象外当事者,その他,単路－9.0m以上,直線－下り,単路（交差点付近を含む）,規制なし,中央線－ペイント,区分あり－縁石・ブロック等,車両相互,35～44歳,25～34歳,乗用車－軽自動車,乗用車－軽自動車,自家用,自家用,乗用車,乗用車,40㎞／ｈ以下,40㎞／ｈ以下,前-無,後-無,小破,小破,その他,その他,その他,その他,損傷なし,負傷,金,その他,33.958867,133.274041,2019-03-01,07:10,blue,,,,,,,,,,,,
本票,愛媛,新居浜,0053,負傷,0,1,37000,対象外,0000,205,夜－暮,晴,市街地－その他,舗装－乾燥,単路－その他,環状交差点以外 環状交差点以外をいう。,施設なし,対象外当事者,その他,対象外当事者,その他,単路－5.5m以上,直線－平坦,単路（交差点付近を含む）,規制なし,中央分離なし,区分なし,車両相互,75歳以上,45～54歳,乗用車－普通車,二輪車－原付自転車,自家用,自家用,乗用車,対象外当事者,指定の速度規制なし等,指定の速度規制なし等,右後-無,右-無,小破,損壊なし,その他,対象外当事者,その他,対象外当事者,負傷,損傷なし,金,その他,33.969661,133.288921,2018-11-30,17:32,blue,,,,,,,,,,,,
本票,愛媛,新居浜,0054,負傷,0,1,14310,対象外,0000,205,夜－夜,雨,市街地－その他,舗装－湿潤,交差点－その他,環状交差点以外 環状交差点以外をいう。,点灯－３灯式,規制なし,表示なし,対象外当事者,その他,交差点－大（13.0ｍ以上）－大,直線－平坦,交差点内,規制なし,中央分離なし,区分あり－縁石・ブロック等,人対車両,25～34歳,55～64歳,乗用車－軽自動車,歩行者,自家用,対象外当事者,乗用車,対象外当事者,50㎞／ｈ以下,対象外当事者,前-無,無-無,小破,対象外当事者,その他,対象外当事者,その他,対象外当事者,損傷なし,負傷,日,その他,33.938847,133.295527,2019-03-03,20:23,blue,,,,,,,,,,,,
本票,愛媛,新居浜,0055,負傷,0,1,37000,対象外,0000,205,夜－明,雨,市街地－人口集中,舗装－湿潤,単路－その他,環状交差点以外 環状交差点以外をいう。,施設なし,対象外当事者,その他,対象外当事者,その他,単路－5.5m以上,直線－平坦,単路（交差点付近を含む）,規制なし,中央線－ペイント,区分あり－縁石・ブロック等,車両相互,0～24歳,75歳以上,乗用車－軽自動車,二輪車－原付自転車,自家用,自家用,乗用車,対象外当事者,40㎞／ｈ以下,指定の速度規制なし等,前-無,後-無,小破,中破,その他,対象外当事者,その他,対象外当事者,損傷なし,負傷,木,その他,33.947265,133.290685,2019-02-28,06:08,blue,,,,,,,,,,,,
本票,愛媛,新居浜,0056,負傷,0,1,25450,対象外,0000,205,夜－夜,曇,非市街地,舗装－乾燥,交差点－その他,環状交差点以外 環状交差点以外をいう。,点灯－３灯式,規制なし,表示なし,規制なし,表示なし,交差点－中（5.5m以上）－小,直線－平坦,交差点内,規制なし,中央線－ペイント,区分あり－路側帯,車両相互,25～34歳,45～54歳,乗用車－軽自動車,乗用車－軽自動車,自家用,自家用,乗用車,乗用車,30㎞／ｈ以下,30㎞／ｈ以下,前-無,後-無,小破,小破,その他,その他,その他,その他,損傷なし,負傷,火,その他,33.952720,133.258053,2019-03-05,21:29,blue,,,,,,,,,,,,
本票,愛媛,新居浜,0057,負傷,0,1,37000,対象外,0000,205,昼－昼,晴,市街地－その他,舗装－乾燥,交差点－その他,環状交差点以外 環状交差点以外をいう。,点灯－３灯式,規制なし,表示なし,規制なし,表示なし,交差点－小（5.5m未満）－小,直線－平坦,交差点内,規制なし,中央線－ペイント,区分あり－縁石・ブロック等,車両相互,45～54歳,55～64歳,乗用車－普通車,乗用車－軽自動車,自家用,自家用,乗用車,乗用車,40㎞／ｈ以下,40㎞／ｈ以下,後-無,前-無,小破,小破,その他,その他,その他,その他,負傷,損傷なし,水,その他,33.941171,133.299318,2019-03-13,17:13,blue,,,,,,,,,,,,
本票,愛媛,新居浜,0058,負傷,0,1,37000,対象外,0000,205,夜－夜,雨,非市街地,舗装－湿潤,交差点－その他,環状交差点以外 環状交差点以外をいう。,点滅－３灯式,標準－反射式,表示あり,規制なし,表示なし,交差点－中（5.5m以上）－小,直線－平坦,交差点内,規制なし,中央分離なし,区分あり－路側帯,車両相互,0～24歳,55～64歳,乗用車－軽自動車,二輪車－原付自転車,自家用,自家用,乗用車,対象外当事者,指定の速度規制なし等,指定の速度規制なし等,右前-無,左-無,小破,小破,その他,対象外当事者,その他,対象外当事者,損傷なし,負傷,土,その他,33.978252,133.299878,2019-03-02,20:49,blue,,,,,,,,,,,,
本票,愛媛,新居浜,0059,負傷,0,1,99000,対象外,0000,205,夜－夜,曇,市街地－その他,舗装－乾燥,一般交通の場所,環状交差点以外 環状交差点以外をいう。,施設なし,対象外当事者,その他,対象外当事者,その他,一般交通の場所,一般交通の場所,その他,規制なし,一般交通の場所,区分なし,車両相互,55～64歳,35～44歳,貨物車－大型車,乗用車－普通車,事業用,自家用,貨物車,乗用車,指定の速度規制なし等,指定の速度規制なし等,左前-無,右前-無,小破,小破,その他,その他,その他,その他,損傷なし,負傷,月,その他,33.930264,133.277862,2019-03-04,20:50,blue,,,,,,,,,,,,
本票,愛媛,新居浜,0060,負傷,0,1,14050,対象外,0000,205,昼－昼,晴,市街地－その他,舗装－乾燥,交差点－その他,環状交差点以外 環状交差点以外をいう。,点灯－３灯式,規制なし,表示なし,規制なし,表示なし,交差点－大（13.0ｍ以上）－小,直線－平坦,交差点内,規制なし,中央線－ペイント,区分あり－路側帯,車両相互,45～54歳,35～44歳,乗用車－普通車,二輪車－原付自転車,自家用,自家用,乗用車,対象外当事者,30㎞／ｈ以下,指定の速度規制なし等,左-左後,右-無,小破,小破,その他,対象外当事者,その他,対象外当事者,損傷なし,負傷,木,その他,33.969950,133.281250,2019-03-14,16:03,blue,,,,,,,,,,,,
本票,愛媛,新居浜,0061,負傷,0,1,25440,対象外,0000,205,昼－昼,晴,市街地－その他,舗装－乾燥,交差点－その他,環状交差点以外 環状交差点以外をいう。,施設なし,規制なし,表示なし,規制なし,表示なし,交差点－小（5.5m未満）－小,直線－平坦,交差点内,規制なし,中央分離なし,区分なし,車両相互,75歳以上,75歳以上,乗用車－普通車,乗用車－軽自動車,自家用,自家用,乗用車,乗用車,指定の速度規制なし等,指定の速度規制なし等,前-無,後-無,小破,小破,その他,その他,その他,その他,損傷なし,損傷なし,火,その他,33.949464,133.281400,2019-03-12,12:10,blue,,,,,,,,,,,,
本票,愛媛,新居浜,0062,負傷,0,1,37000,対象外,0000,205,夜－暮,晴,市街地－その他,舗装－乾燥,単路－橋,環状交差点以外 環状交差点以外をいう。,施設なし,対象外当事者,その他,対象外当事者,その他,単路－3.5m未満,直線－平坦,単路（交差点付近を含む）,規制なし,中央分離なし,区分あり－路側帯,車両相互,25～34歳,45～54歳,乗用車－普通車,軽車両－自転車,自家用,対象外当事者,乗用車,対象外当事者,30㎞／ｈ以下,対象外当事者,右前-無,前-無,小破,小破,その他,対象外当事者,その他,対象外当事者,損傷なし,負傷,金,その他,33.936383,133.315591,2019-02-01,17:45,blue,,,,,,,,,,,,
本票,愛媛,新居浜,0063,負傷,0,2,14040,対象外,0000,205,昼－昼,晴,市街地－その他,舗装－乾燥,交差点－その他,環状交差点以外 環状交差点以外をいう。,施設なし,規制なし,表示なし,規制なし,表示なし,交差点－中（5.5m以上）－小,直線－平坦,交差点内,規制なし,中央分離なし,区分あり－縁石・ブロック等,車両相互,55～64歳,35～44歳,貨物車－準中型車,乗用車－軽自動車,自家用,自家用,貨物車,乗用車,50㎞／ｈ以下,50㎞／ｈ以下,前-無,後-無,小破,中破,その他,その他,その他,その他,損傷なし,負傷,金,その他,33.965985,133.305900,2019-03-15,13:00,blue,,,,,,,,,,,,
本票,愛媛,新居浜,0064,負傷,0,1,37000,対象外,0000,205,夜－暮,晴,市街地－その他,舗装－乾燥,単路－その他,環状交差点以外 環状交差点以外をいう。,施設なし,対象外当事者,その他,対象外当事者,その他,単路－9.0m以上,直線－平坦,単路（交差点付近を含む）,規制なし,中央線－ペイント,区分なし,人対車両,55～64歳,75歳以上,乗用車－普通車,歩行者,自家用,対象外当事者,乗用車,対象外当事者,30㎞／ｈ以下,対象外当事者,右前-無,無-無,小破,対象外当事者,その他,対象外当事者,その他,対象外当事者,損傷なし,負傷,木,その他,33.969996,133.281371,2019-03-14,18:35,blue,,,,,,,,,,,,
本票,愛媛,新居浜,0065,負傷,0,1,00110,上,2345,205,昼－昼,晴,市街地－その他,舗装－乾燥,交差点－その他,環状交差点以外 環状交差点以外をいう。,点灯－３灯式,規制なし,表示なし,規制なし,表示なし,交差点－中（5.5m以上）－小,直線－平坦,交差点内,規制なし,中央線－ペイント,区分あり－路側帯,車両相互,45～54歳,55～64歳,乗用車－軽自動車,貨物車－軽自動車,自家用,自家用,乗用車,貨物車,50㎞／ｈ以下,50㎞／ｈ以下,後-無,前-無,中破,小破,その他,その他,その他,その他,負傷,損傷なし,日,その他,33.937148,133.309640,2019-03-17,10:12,blue,,,,,,,,,,,,
本票,愛媛,新居浜,0066,負傷,0,1,00110,下,0000,205,昼－昼,晴,市街地－その他,舗装－乾燥,交差点－その他,環状交差点以外 環状交差点以外をいう。,点灯－３灯式,規制なし,表示なし,規制なし,表示なし,交差点－大（13.0ｍ以上）－中,直線－平坦,交差点内,規制なし,中央分離帯,区分あり－縁石・ブロック等,車両相互,35～44歳,75歳以上,乗用車－普通車,二輪車－原付自転車,自家用,自家用,乗用車,対象外当事者,50㎞／ｈ以下,指定の速度規制なし等,前-右前,左-無,中破,小破,その他,対象外当事者,その他,対象外当事者,損傷なし,負傷,木,その他,33.923288,133.254570,2019-03-14,08:39,blue,,,,,,,,,,,,
本票,愛媛,新居浜,0067,負傷,0,1,99000,対象外,0000,205,昼－昼,晴,市街地－人口集中,舗装－乾燥,一般交通の場所,環状交差点以外 環状交差点以外をいう。,施設なし,対象外当事者,その他,対象外当事者,その他,一般交通の場所,一般交通の場所,その他,規制なし,一般交通の場所,区分なし,人対車両,45～54歳,35～44歳,乗用車－普通車,歩行者,自家用,対象外当事者,乗用車,対象外当事者,指定の速度規制なし等,対象外当事者,右後-無,無-無,小破,対象外当事者,その他,対象外当事者,その他,対象外当事者,損傷なし,負傷,金,その他,33.962295,133.281894,2019-03-15,09:45,blue,,,,,,,,,,,,
本票,愛媛,新居浜,0068,負傷,0,1,00110,上,0000,205,夜－夜,晴,非市街地,舗装－乾燥,単路－その他,環状交差点以外 環状交差点以外をいう。,施設なし,対象外当事者,その他,対象外当事者,その他,単路－9.0m以上,直線－平坦,単路（交差点付近を含む）,規制なし,中央線－ペイント,区分あり－路側帯,車両相互,25～34歳,25～34歳,乗用車－普通車,乗用車－軽自動車,自家用,自家用,乗用車,乗用車,50㎞／ｈ以下,50㎞／ｈ以下,後-無,前-無,小破,小破,その他,その他,その他,その他,負傷,損傷なし,木,当日,33.936483,133.300974,2019-03-21,21:57,blue,,,,,,,,,,,,
本票,愛媛,新居浜,0069,負傷,0,1,00114,上,0000,205,昼－昼,晴,市街地－その他,舗装－乾燥,交差点－その他,環状交差点以外 環状交差点以外をいう。,施設なし,規制なし,表示なし,規制なし,表示なし,交差点－中（5.5m以上）－中,直線－平坦,交差点内,規制なし,中央線－ペイント,区分あり－縁石・ブロック等,車両相互,65～74歳,25～34歳,貨物車－軽自動車,二輪車－自動二輪－軽二輪－126～250cc,自家用,自家用,貨物車,対象外当事者,50㎞／ｈ以下,50㎞／ｈ以下,右後-無,前-無,小破,小破,その他,対象外当事者,その他,対象外当事者,損傷なし,負傷,金,その他,33.938852,133.297986,2019-03-22,11:06,blue,,,,,,,,,,,,
本票,愛媛,新居浜,0070,負傷,0,1,00110,上,1555,205,昼－昼,晴,非市街地,舗装－乾燥,単路－その他,環状交差点以外 環状交差点以外をいう。,施設なし,対象外当事者,その他,対象外当事者,その他,単路－13.0m以上,直線－平坦,単路（交差点付近を含む）,規制なし,中央線－ペイント,区分あり－縁石・ブロック等,車両相互,35～44歳,45～54歳,乗用車－普通車,乗用車－軽自動車,自家用,自家用,乗用車,乗用車,50㎞／ｈ以下,50㎞／ｈ以下,前-無,後-無,小破,小破,その他,その他,その他,その他,損傷なし,負傷,月,その他,33.928321,133.267803,2019-03-18,15:10,blue,,,,,,,,,,,,
本票,愛媛,新居浜,0071,負傷,0,2,00110,上,1755,205,昼－昼,晴,非市街地,舗装－乾燥,単路－その他,環状交差点以外 環状交差点以外をいう。,施設なし,対象外当事者,その他,対象外当事者,その他,単路－9.0m以上,直線－平坦,単路（交差点付近を含む）,規制なし,中央線－ペイント,区分あり－縁石・ブロック等,車両相互,25～34歳,75歳以上,乗用車－軽自動車,乗用車－軽自動車,自家用,自家用,乗用車,乗用車,指定の速度規制なし等,50㎞／ｈ以下,右前-無,前-無,小破,小破,その他,その他,その他,その他,負傷,負傷,月,その他,33.938925,133.323367,2019-03-18,11:46,blue,,,,,,,,,,,,