資料区分,都道府県コード,警察署等コード,本票番号,事故内容,死者数,負傷者数,路線コード,上下線,地点コード,市区町村コード,昼夜,天候,地形,路面状態,道路形状,環状交差点の直径,信号機,一時停止規制　標識（当事者A）,一時停止規制　表示（当事者A）,一時停止規制　標識（当事者B）,一時停止規制　表示（当事者B）,車道幅員,道路線形,衝突地点,ゾーン規制,中央分離帯施設等,歩車道区分,事故類型,年齢（当事者A）,年齢（当事者B）,当事者種別（当事者A）,当事者種別（当事者B）,用途別（当事者A）,用途別（当事者B）,車両形状（当事者A）,車両形状（当事者B）,速度規制（指定のみ）（当事者A）,速度規制（指定のみ）（当事者B）,車両の衝突部位（当事者A）,車両の衝突部位（当事者B）,車両の損壊程度（当事者A）,車両の損壊程度（当事者B）,エアバッグの装備（当事者A）,エアバッグの装備（当事者B）,サイドエアバッグの装備（当事者A）,サイドエアバッグの装備（当事者B）,人身損傷程度（当事者A）,人身損傷程度（当事者B）,曜日(発生年月日),祝日(発生年月日),緯度,経度,発生日,発生時,color,発生地点,道路管理者区分,道路区分,道路構造,曲線半径,縦断勾配,トンネル番号,当事者車両台数,車両単独事故の対象物,臨時速度規制の有無,速度規制（臨時のみ）,トンネル延長距離
本票,愛媛,今治,0139,負傷,0,1,37000,対象外,0000,202,昼－昼,晴,市街地－その他,舗装－乾燥,交差点－その他,環状交差点以外 環状交差点以外をいう。,施設なし,規制なし,表示なし,規制なし,表示なし,交差点－大（13.0ｍ以上）－中,直線－平坦,交差点内,規制なし,中央線－ペイント,区分あり－縁石・ブロック等,車両相互,55～64歳,75歳以上,貨物車－軽自動車,二輪車－自動二輪－軽二輪－126～250cc,自家用,自家用,貨物車,対象外当事者,40㎞／ｈ以下,40㎞／ｈ以下,左後-無,前-無,小破,小破,その他,対象外当事者,その他,対象外当事者,損傷なし,負傷,木,その他,34.060382,133.004011,2019-04-25,09:33,blue,,,,,,,,,,,,
本票,愛媛,今治,0146,負傷,0,1,37000,対象外,0000,202,昼－昼,晴,非市街地,舗装－乾燥,交差点－その他,環状交差点以外 環状交差点以外をいう。,施設なし,標準－反射式,表示あり,対象外当事者,その他,交差点－中（5.5m以上）－小,直線－平坦,交差点内,ゾーン30,中央線－ペイント,区分あり－路側帯,人対車両,75歳以上,65～74歳,乗用車－普通車,歩行者,自家用,対象外当事者,乗用車,対象外当事者,30㎞／ｈ以下,対象外当事者,左前-無,無-無,小破,対象外当事者,その他,対象外当事者,その他,対象外当事者,損傷なし,負傷,木,その他,34.047742,132.995730,2019-05-16,18:00,blue,,,,,,,,,,,,
本票,愛媛,今治,0147,負傷,0,1,14390,対象外,0000,202,昼－昼,曇,非市街地,舗装－乾燥,単路－その他,環状交差点以外 環状交差点以外をいう。,施設なし,対象外当事者,その他,対象外当事者,その他,単路－5.5m以上,直線－平坦,単路（交差点付近を含む）,規制なし,中央線－ペイント,区分あり－縁石・ブロック等,車両相互,25～34歳,45～54歳,貨物車－中型車,二輪車－原付自転車,自家用,自家用,貨物車,対象外当事者,40㎞／ｈ以下,指定の速度規制なし等,後-無,前-無,小破,中破,その他,対象外当事者,その他,対象外当事者,損傷なし,負傷,金,その他,34.034844,133.034278,2019-05-31,08:51,blue,,,,,,,,,,,,
本票,愛媛,今治,0148,負傷,0,1,01960,上,0000,202,昼－暮,晴,非市街地,舗装－乾燥,交差点付近－その他,環状交差点以外 環状交差点以外をいう。,施設なし,対象外当事者,その他,対象外当事者,その他,単路－3.5m以上,カーブ・屈折－左－平坦,単路（交差点付近を含む）,規制なし,中央線－ペイント,区分あり－縁石・ブロック等,車両相互,0～24歳,0～24歳,乗用車－軽自動車,乗用車－軽自動車,自家用,自家用,乗用車,乗用車,50㎞／ｈ以下,50㎞／ｈ以下,右前-右,左前-左,小破,中破,その他,装備あり 作動,その他,その他,損傷なし,負傷,水,その他,34.043518,132.849661,2019-05-29,19:08,blue,,,,,,,,,,,,
本票,愛媛,今治,0149,負傷,0,1,37000,対象外,0000,202,昼－昼,晴,非市街地,舗装－乾燥,交差点－その他,環状交差点以外 環状交差点以外をいう。,点灯－３灯式,規制なし,表示なし,規制なし,表示なし,交差点－大（13.0ｍ以上）－中,直線－平坦,交差点内,規制なし,中央分離なし,区分あり－縁石・ブロック等,車両相互,35～44歳,0～24歳,乗用車－軽自動車,軽車両－自転車,自家用,対象外当事者,乗用車,対象外当事者,40㎞／ｈ以下,対象外当事者,前-無,右-無,小破,小破,その他,対象外当事者,その他,対象外当事者,損傷なし,負傷,土,その他,34.063311,133.009268,2019-05-25,16:52,blue,,,,,,,,,,,,
本票,愛媛,今治,0150,負傷,0,1,99000,対象外,0000,202,昼－昼,曇,市街地－その他,舗装－乾燥,一般交通の場所,環状交差点以外 環状交差点以外をいう。,施設なし,対象外当事者,その他,対象外当事者,その他,一般交通の場所,一般交通の場所,その他,規制なし,一般交通の場所,区分なし,車両相互,35～44歳,75歳以上,乗用車－普通車,二輪車－原付自転車,自家用,自家用,乗用車,対象外当事者,指定の速度規制なし等,指定の速度規制なし等,前-無,左-無,小破,小破,その他,対象外当事者,その他,対象外当事者,損傷なし,負傷,月,その他,34.047255,133.007189,2019-05-27,08:50,blue,,,,,,,,,,,,
本票,愛媛,今治,0151,負傷,0,1,37000,対象外,0000,202,昼－昼,曇,非市街地,舗装－乾燥,単路－その他,環状交差点以外 環状交差点以外をいう。,施設なし,対象外当事者,その他,対象外当事者,その他,単路－9.0m以上,直線－平坦,単路（交差点付近を含む）,規制なし,中央線－ペイント,区分あり－縁石・ブロック等,車両相互,65～74歳,0～24歳,貨物車－普通車,貨物車－軽自動車,自家用,自家用,貨物車,貨物車,50㎞／ｈ以下,50㎞／ｈ以下,後-無,前-無,小破,中破,その他,その他,その他,その他,負傷,損傷なし,土,その他,34.045412,133.022738,2019-06-01,09:15,blue,,,,,,,,,,,,
本票,愛媛,今治,0152,負傷,0,1,37000,対象外,0000,202,昼－昼,晴,市街地－人口集中,舗装－乾燥,交差点－その他,環状交差点以外 環状交差点以外をいう。,施設なし,規制なし,表示なし,規制なし,表示なし,交差点－中（5.5m以上）－中,直線－平坦,交差点内,規制なし,中央分離なし,区分なし,車両相互,35～44歳,45～54歳,乗用車－軽自動車,二輪車－自動二輪－原付二種－51～125cc,自家用,自家用,乗用車,対象外当事者,30㎞／ｈ以下,40㎞／ｈ以下,右前-無,無-無,小破,中破,その他,対象外当事者,その他,対象外当事者,損傷なし,負傷,木,その他,34.048416,132.980399,2019-05-30,07:38,blue,,,,,,,,,,,,
本票,愛媛,今治,0153,負傷,0,1,99000,対象外,0000,202,夜－夜,晴,市街地－人口集中,舗装－乾燥,一般交通の場所,環状交差点以外 環状交差点以外をいう。,施設なし,対象外当事者,その他,対象外当事者,その他,一般交通の場所,一般交通の場所,その他,規制なし,一般交通の場所,区分なし,車両相互,75歳以上,不明,乗用車－普通車,対象外当事者,自家用,対象外当事者,乗用車,対象外当事者,指定の速度規制なし等,対象外当事者,右後-無,無-無,小破,対象外当事者,その他,対象外当事者,その他,対象外当事者,負傷,対象外当事者,水,その他,34.043295,132.988676,2019-05-29,22:59,blue,,,,,,,,,,,,
本票,愛媛,今治,0154,負傷,0,1,01961,上,0000,202,昼－昼,晴,非市街地,舗装－乾燥,交差点－その他,環状交差点以外 環状交差点以外をいう。,点灯－３灯式,規制なし,表示なし,規制なし,表示なし,交差点－大（13.0ｍ以上）－中,直線－平坦,交差点内,規制なし,中央分離帯,区分あり－縁石・ブロック等,車両相互,55～64歳,65～74歳,乗用車－普通車,軽車両－自転車,自家用,対象外当事者,乗用車,対象外当事者,30㎞／ｈ以下,対象外当事者,前-無,左-無,小破,小破,その他,対象外当事者,その他,対象外当事者,損傷なし,負傷,土,その他,34.032027,133.002588,2019-06-08,10:18,blue,,,,,,,,,,,,
本票,愛媛,今治,0155,負傷,0,1,37000,対象外,0000,202,昼－昼,曇,非市街地,舗装－乾燥,交差点－その他,環状交差点以外 環状交差点以外をいう。,施設なし,規制なし,表示なし,規制なし,表示なし,交差点－中（5.5m以上）－中,直線－平坦,交差点内,規制なし,中央分離なし,区分なし,車両相互,45～54歳,35～44歳,乗用車－軽自動車,乗用車－軽自動車,自家用,自家用,乗用車,乗用車,指定の速度規制なし等,指定の速度規制なし等,左前-無,右-無,小破,小破,その他,その他,その他,その他,損傷なし,負傷,水,その他,34.015957,133.041408,2019-04-24,17:25,blue,,,,,,,,,,,,
本票,愛媛,今治,0156,負傷,0,1,25130,対象外,0000,202,昼－昼,雨,市街地－その他,舗装－湿潤,交差点－その他,環状交差点以外 環状交差点以外をいう。,点灯－３灯式,規制なし,表示なし,規制なし,表示なし,交差点－中（5.5m以上）－中,直線－平坦,交差点内,規制なし,中央線－ペイント,区分あり－縁石・ブロック等,車両相互,35～44歳,35～44歳,乗用車－普通車,乗用車－軽自動車,自家用,自家用,乗用車,乗用車,30㎞／ｈ以下,40㎞／ｈ以下,右前-無,左前-無,中破,中破,装備あり 作動,装備あり 作動,その他,その他,負傷,損傷なし,火,その他,34.046218,132.994056,2019-05-28,11:01,blue,,,,,,,,,,,,
本票,愛媛,今治,0157,負傷,0,1,70000,対象外,0000,202,昼－昼,晴,非市街地,舗装－乾燥,交差点－その他,環状交差点以外 環状交差点以外をいう。,点灯－３灯式,規制なし,表示なし,規制なし,表示なし,交差点－大（13.0ｍ以上）－小,直線－平坦,交差点内,規制なし,中央線－ペイント,区分あり－縁石・ブロック等,車両相互,75歳以上,55～64歳,貨物車－普通車,軽車両－自転車,自家用,対象外当事者,貨物車,対象外当事者,50㎞／ｈ以下,対象外当事者,前-無,左-無,小破,小破,その他,対象外当事者,その他,対象外当事者,損傷なし,負傷,土,その他,34.036472,133.023270,2019-06-01,11:01,blue,,,,,,,,,,,,
本票,愛媛,今治,0158,負傷,0,1,01961,下,0445,202,昼－昼,雨,市街地－その他,舗装－湿潤,単路－その他,環状交差点以外 環状交差点以外をいう。,施設なし,対象外当事者,その他,対象外当事者,その他,単路－5.5m以上,直線－平坦,単路（交差点付近を含む）,規制なし,中央分離帯,区分あり－路側帯,車両相互,65～74歳,75歳以上,乗用車－普通車,貨物車－軽自動車,自家用,自家用,乗用車,貨物車,指定の速度規制なし等,50㎞／ｈ以下,右-無,左前-無,小破,小破,その他,その他,その他,その他,損傷なし,負傷,金,その他,34.039254,132.993965,2019-06-07,10:18,blue,,,,,,,,,,,,
本票,愛媛,今治,0159,負傷,0,1,37000,対象外,0000,202,昼－昼,晴,非市街地,舗装－乾燥,単路－カーブ・屈折,環状交差点以外 環状交差点以外をいう。,施設なし,対象外当事者,その他,対象外当事者,その他,単路－5.5m以上,カーブ・屈折－右－平坦,その他,規制なし,中央分離なし,区分あり－路側帯,車両単独,0～24歳,不明,乗用車－普通車,物件等,自家用,対象外当事者,乗用車,対象外当事者,30㎞／ｈ以下,対象外当事者,右-無,無-無,中破,対象外当事者,その他,対象外当事者,その他,対象外当事者,負傷,対象外当事者,日,その他,34.020222,132.947391,2019-06-16,09:28,blue,,,,,,,,,,,,
本票,愛媛,今治,0160,負傷,0,1,01960,下,0000,202,昼－昼,曇,非市街地,舗装－乾燥,交差点－その他,環状交差点以外 環状交差点以外をいう。,施設なし,規制なし,表示なし,規制なし,表示なし,交差点－大（13.0ｍ以上）－中,直線－平坦,交差点内,規制なし,中央分離帯,区分あり－縁石・ブロック等,車両相互,75歳以上,0～24歳,乗用車－普通車,乗用車－軽自動車,自家用,自家用,乗用車,乗用車,50㎞／ｈ以下,50㎞／ｈ以下,左前-無,前-無,中破,中破,装備あり 作動,装備あり 作動,装備あり 作動,その他,損傷なし,負傷,金,その他,34.034352,132.999893,2019-06-14,17:55,blue,,,,,,,,,,,,
本票,愛媛,今治,0161,負傷,0,3,01960,上,0334,202,昼－昼,雨,非市街地,舗装－湿潤,単路－カーブ・屈折,環状交差点以外 環状交差点以外をいう。,施設なし,対象外当事者,その他,対象外当事者,その他,単路－9.0m以上,カーブ・屈折－右－平坦,単路（交差点付近を含む）,規制なし,中央線－ペイント,区分あり－縁石・ブロック等,車両相互,35～44歳,35～44歳,貨物車－準中型車,乗用車－普通車,自家用,自家用,貨物車,乗用車,50㎞／ｈ以下,50㎞／ｈ以下,右-無,右前-前,小破,大破,その他,装備あり 作動,その他,その他,損傷なし,損傷なし,金,その他,34.059335,132.892229,2019-06-14,14:00,blue,,,,,,,,,,,,
本票,愛媛,今治,0162,負傷,0,1,25110,対象外,0000,202,昼－昼,晴,非市街地,舗装－乾燥,交差点－その他,環状交差点以外 環状交差点以外をいう。,施設なし,規制なし,表示なし,規制なし,表示なし,交差点－中（5.5m以上）－小,直線－平坦,交差点内,規制なし,中央線－ペイント,区分あり－縁石・ブロック等,車両相互,35～44歳,45～54歳,乗用車－普通車,軽車両－自転車,自家用,対象外当事者,乗用車,対象外当事者,40㎞／ｈ以下,対象外当事者,前-前,左-左,小破,中破,その他,対象外当事者,その他,対象外当事者,損傷なし,負傷,火,その他,34.037068,132.979738,2019-06-18,07:59,blue,,,,,,,,,,,,
本票,愛媛,今治,0163,負傷,0,2,37000,対象外,0000,202,昼－昼,晴,非市街地,舗装－乾燥,単路－その他,環状交差点以外 環状交差点以外をいう。,施設なし,対象外当事者,その他,対象外当事者,その他,単路－9.0m以上,直線－平坦,単路（交差点付近を含む）,規制なし,中央分離帯,区分あり－縁石・ブロック等,車両相互,35～44歳,35～44歳,乗用車－普通車,乗用車－普通車,自家用,自家用,乗用車,乗用車,50㎞／ｈ以下,50㎞／ｈ以下,前-無,後-前,中破,中破,その他,その他,装備あり 作動,その他,損傷なし,負傷,木,その他,34.046841,133.007571,2019-06-13,07:30,blue,,,,,,,,,,,,
本票,愛媛,今治,0164,負傷,0,2,14080,対象外,0000,202,昼－明,曇,市街地－その他,舗装－乾燥,交差点－その他,環状交差点以外 環状交差点以外をいう。,施設なし,規制なし,表示なし,規制なし,表示なし,交差点－中（5.5m以上）－中,直線－平坦,交差点内,規制なし,中央線－ペイント,区分あり－縁石・ブロック等,車両相互,55～64歳,65～74歳,二輪車－自動二輪－原付二種－51～125cc,二輪車－自動二輪－原付二種－51～125cc,自家用,自家用,対象外当事者,対象外当事者,50㎞／ｈ以下,50㎞／ｈ以下,左-無,前-無,小破,小破,対象外当事者,対象外当事者,対象外当事者,対象外当事者,負傷,負傷,月,その他,34.077726,132.930145,2018-12-10,07:30,blue,,,,,,,,,,,,
本票,愛媛,今治,0165,負傷,0,1,37000,対象外,0000,202,夜－夜,晴,非市街地,舗装－乾燥,交差点－その他,環状交差点以外 環状交差点以外をいう。,施設なし,標準－反射式,表示なし,規制なし,表示なし,交差点－大（13.0ｍ以上）－中,直線－平坦,交差点内,規制なし,中央分離なし,区分なし,車両相互,55～64歳,45～54歳,乗用車－普通車,貨物車－普通車,自家用,自家用,乗用車,貨物車,指定の速度規制なし等,40㎞／ｈ以下,左前-無,右前-無,小破,小破,その他,その他,その他,その他,損傷なし,負傷,金,その他,34.071173,132.928007,2019-05-17,21:05,blue,,,,,,,,,,,,
本票,愛媛,今治,0166,負傷,0,1,03170,下,0000,202,夜－夜,曇,非市街地,舗装－乾燥,単路－その他,環状交差点以外 環状交差点以外をいう。,施設なし,対象外当事者,その他,対象外当事者,その他,単路－5.5m以上,直線－平坦,単路（交差点付近を含む）,規制なし,中央線－ペイント,区分あり－防護柵等,車両相互,0～24歳,25～34歳,乗用車－普通車,乗用車－普通車,自家用,自家用,乗用車,乗用車,50㎞／ｈ以下,50㎞／ｈ以下,前-無,前-無,大破,大破,装備あり 作動,装備あり 作動,その他,その他,損傷なし,負傷,木,その他,34.029425,132.963821,2019-06-06,23:45,blue,,,,,,,,,,,,
本票,愛媛,今治,0167,負傷,0,1,37000,対象外,0000,202,昼－昼,晴,非市街地,舗装－乾燥,単路－その他,環状交差点以外 環状交差点以外をいう。,施設なし,対象外当事者,その他,対象外当事者,その他,単路－3.5m以上,直線－平坦,単路（交差点付近を含む）,規制なし,中央分離なし,区分なし,車両相互,35～44歳,35～44歳,二輪車－自動二輪－小型二輪－251～400cc,二輪車－原付自転車,自家用,自家用,対象外当事者,対象外当事者,30㎞／ｈ以下,30㎞／ｈ以下,前-無,後-無,小破,小破,対象外当事者,対象外当事者,対象外当事者,対象外当事者,損傷なし,負傷,水,その他,34.078836,132.994391,2019-06-19,18:18,blue,,,,,,,,,,,,
本票,愛媛,今治,0168,負傷,0,1,37000,対象外,0000,202,昼－昼,晴,非市街地,舗装－乾燥,単路－カーブ・屈折,環状交差点以外 環状交差点以外をいう。,施設なし,対象外当事者,その他,対象外当事者,その他,単路－3.5m以上,カーブ・屈折－右－平坦,単路（交差点付近を含む）,規制なし,中央分離なし,区分なし,車両相互,25～34歳,25～34歳,二輪車－原付自転車,軽車両－自転車,自家用,対象外当事者,対象外当事者,対象外当事者,指定の速度規制なし等,対象外当事者,無-無,無-無,小破,損壊なし,対象外当事者,対象外当事者,対象外当事者,対象外当事者,負傷,損傷なし,月,その他,34.106568,132.970859,2019-06-24,07:25,blue,,,,,,,,,,,,
本票,愛媛,今治,0169,負傷,0,1,70000,対象外,0000,202,昼－昼,晴,非市街地,舗装－乾燥,交差点－その他,環状交差点以外 環状交差点以外をいう。,施設なし,標準－反射式,表示あり,規制なし,表示なし,交差点－中（5.5m以上）－中,直線－平坦,交差点内,規制なし,中央線－ペイント,区分あり－路側帯,車両相互,45～54歳,35～44歳,乗用車－普通車,乗用車－軽自動車,自家用,自家用,乗用車,乗用車,指定の速度規制なし等,50㎞／ｈ以下,前-無,右-無,小破,中破,その他,その他,その他,その他,損傷なし,負傷,土,その他,34.045210,132.921055,2019-06-22,07:15,blue,,,,,,,,,,,,
本票,愛媛,今治,0170,負傷,0,2,37000,対象外,0000,202,昼－昼,雨,市街地－その他,舗装－湿潤,交差点－その他,環状交差点以外 環状交差点以外をいう。,施設なし,規制なし,表示なし,規制なし,表示なし,交差点－中（5.5m以上）－小,直線－平坦,交差点内,規制なし,中央線－ペイント,区分あり－路側帯,車両相互,35～44歳,55～64歳,乗用車－軽自動車,二輪車－原付自転車,自家用,自家用,乗用車,対象外当事者,指定の速度規制なし等,指定の速度規制なし等,右-無,無-無,小破,小破,その他,対象外当事者,その他,対象外当事者,負傷,負傷,水,その他,34.096175,132.985587,2019-06-26,18:05,blue,,,,,,,,,,,,
本票,愛媛,伯方,0006,負傷,0,1,14340,対象外,0000,202,昼－昼,晴,非市街地,舗装－乾燥,単路－カーブ・屈折,環状交差点以外 環状交差点以外をいう。,施設なし,対象外当事者,その他,対象外当事者,その他,単路－3.5m未満,カーブ・屈折－右－下り,単路（交差点付近を含む）,規制なし,中央線－ペイント,区分なし,車両相互,55～64歳,35～44歳,乗用車－軽自動車,軽車両－自転車,自家用,対象外当事者,乗用車,対象外当事者,40㎞／ｈ以下,対象外当事者,左前-無,前-無,小破,小破,その他,対象外当事者,その他,対象外当事者,損傷なし,負傷,日,その他,34.248054,133.002880,2019-06-02,11:40,blue,,,,,,,,,,,,
本票,愛媛,伯方,0007,負傷,0,1,03170,上,0000,202,昼－昼,晴,非市街地,舗装－乾燥,交差点付近－その他,環状交差点以外 環状交差点以外をいう。,施設なし,対象外当事者,その他,対象外当事者,その他,単路－13.0m以上,カーブ・屈折－右－上り,単路（交差点付近を含む）,規制なし,中央線－ペイント,区分あり－縁石・ブロック等,車両相互,55～64歳,45～54歳,貨物車－軽自動車,二輪車－原付自転車,自家用,自家用,貨物車,対象外当事者,50㎞／ｈ以下,指定の速度規制なし等,左前-左,前-右,小破,小破,その他,対象外当事者,その他,対象外当事者,損傷なし,負傷,金,その他,34.166752,133.064855,2019-06-21,09:35,blue,,,,,,,,,,,,
本票,愛媛,松山東,0272,負傷,0,1,37000,対象外,0000,201,夜－明,晴,市街地－人口集中,舗装－乾燥,交差点付近－その他,環状交差点以外 環状交差点以外をいう。,施設なし,対象外当事者,その他,対象外当事者,その他,単路－5.5m以上,直線－平坦,その他,規制なし,中央線－ペイント,区分あり－縁石・ブロック等,人対車両,25～34歳,55～64歳,乗用車－普通車,歩行者,自家用,対象外当事者,乗用車,対象外当事者,40㎞／ｈ以下,対象外当事者,前-無,無-無,小破,対象外当事者,その他,対象外当事者,その他,対象外当事者,損傷なし,負傷,木,その他,33.846924,132.772791,2019-05-30,04:40,blue,,,,,,,,,,,,
本票,愛媛,松山東,0273,負傷,0,1,01960,上,0045,201,昼－昼,晴,市街地－その他,舗装－乾燥,交差点－その他,環状交差点以外 環状交差点以外をいう。,施設なし,規制なし,表示なし,規制なし,表示なし,交差点－大（13.0ｍ以上）－中,直線－平坦,交差点内,規制なし,中央分離帯,区分あり－縁石・ブロック等,車両相互,45～54歳,45～54歳,乗用車－軽自動車,二輪車－自動二輪－小型二輪－251～400cc,自家用,自家用,乗用車,対象外当事者,指定の速度規制なし等,50㎞／ｈ以下,右-無,前-無,小破,中破,その他,対象外当事者,その他,対象外当事者,損傷なし,負傷,土,その他,33.877902,132.751929,2019-05-25,10:52,blue,,,,,,,,,,,,
本票,愛媛,松山東,0274,負傷,0,1,37000,対象外,0000,201,夜－夜,晴,市街地－その他,舗装－乾燥,交差点付近－その他,環状交差点以外 環状交差点以外をいう。,施設なし,対象外当事者,その他,対象外当事者,その他,単路－5.5m以上,直線－平坦,単路（交差点付近を含む）,規制なし,中央線－ペイント,区分あり－縁石・ブロック等,車両相互,55～64歳,55～64歳,乗用車－軽自動車,貨物車－軽自動車,自家用,自家用,乗用車,貨物車,40㎞／ｈ以下,40㎞／ｈ以下,後-無,前-無,小破,小破,その他,その他,その他,その他,負傷,損傷なし,月,その他,33.845148,132.755865,2019-05-13,22:02,blue,,,,,,,,,,,,
本票,愛媛,松山東,0275,負傷,0,1,25000,対象外,0000,201,昼－昼,晴,市街地－その他,舗装－乾燥,単路－その他,環状交差点以外 環状交差点以外をいう。,点灯－３灯式,対象外当事者,その他,対象外当事者,その他,単路－5.5m以上,直線－平坦,単路（交差点付近を含む）,規制なし,中央分離なし,区分あり－路側帯,車両相互,55～64歳,45～54歳,乗用車－普通車,乗用車－軽自動車,自家用,自家用,乗用車,乗用車,指定の速度規制なし等,指定の速度規制なし等,前-無,後-無,小破,小破,その他,その他,その他,その他,損傷なし,負傷,月,その他,33.841416,132.798251,2019-06-03,06:30,blue,,,,,,,,,,,,
本票,愛媛,松山東,0276,負傷,0,1,37000,対象外,0000,201,夜－夜,晴,非市街地,舗装－乾燥,単路－その他,環状交差点以外 環状交差点以外をいう。,施設なし,対象外当事者,その他,対象外当事者,その他,単路－5.5m以上,直線－平坦,単路（交差点付近を含む）,規制なし,中央線－ペイント,区分あり－縁石・ブロック等,車両相互,25～34歳,35～44歳,乗用車－軽自動車,軽車両－自転車,自家用,対象外当事者,乗用車,対象外当事者,指定の速度規制なし等,対象外当事者,前-無,左-無,小破,小破,その他,対象外当事者,その他,対象外当事者,損傷なし,負傷,火,その他,33.833664,132.771024,2019-05-28,23:05,blue,,,,,,,,,,,,
本票,愛媛,松山東,0277,負傷,0,1,99000,対象外,0000,201,昼－昼,曇,市街地－その他,舗装－乾燥,一般交通の場所,環状交差点以外 環状交差点以外をいう。,施設なし,対象外当事者,その他,対象外当事者,その他,一般交通の場所,一般交通の場所,その他,規制なし,一般交通の場所,区分なし,車両相互,35～44歳,0～24歳,乗用車－普通車,乗用車－普通車,自家用,自家用,乗用車,乗用車,指定の速度規制なし等,指定の速度規制なし等,右後-無,右後-無,小破,小破,その他,その他,その他,その他,損傷なし,負傷,日,その他,33.826730,132.756852,2019-05-19,17:26,blue,,,,,,,,,,,,
本票,愛媛,松山東,0278,負傷,0,1,00110,下,0000,201,昼－昼,晴,市街地－人口集中,舗装－乾燥,交差点－その他,環状交差点以外 環状交差点以外をいう。,施設なし,規制なし,表示なし,規制なし,表示なし,交差点－大（13.0ｍ以上）－中,直線－平坦,交差点内,規制なし,中央分離帯,区分あり－縁石・ブロック等,車両相互,45～54歳,45～54歳,乗用車－普通車,二輪車－自動二輪－原付二種－51～125cc,自家用,自家用,乗用車,対象外当事者,40㎞／ｈ以下,40㎞／ｈ以下,左-無,前-無,小破,中破,その他,対象外当事者,その他,対象外当事者,損傷なし,負傷,金,その他,33.840405,132.775206,2019-05-10,09:43,blue,,,,,,,,,,,,
本票,愛媛,松山東,0279,負傷,0,1,01960,上,0000,201,昼－昼,曇,非市街地,舗装－乾燥,交差点－その他,環状交差点以外 環状交差点以外をいう。,施設なし,規制なし,表示なし,規制なし,表示なし,交差点－中（5.5m以上）－中,直線－平坦,交差点内,規制なし,中央分離帯,区分あり－縁石・ブロック等,車両相互,65～74歳,0～24歳,貨物車－軽自動車,二輪車－原付自転車,自家用,自家用,貨物車,対象外当事者,50㎞／ｈ以下,30㎞／ｈ以下,左-無,右-無,小破,小破,その他,対象外当事者,その他,対象外当事者,損傷なし,負傷,日,その他,33.879227,132.752116,2019-06-02,08:30,blue,,,,,,,,,,,,
本票,愛媛,松山東,0280,負傷,0,1,01960,上,0000,201,昼－暮,雨,非市街地,舗装－湿潤,単路－その他,環状交差点以外 環状交差点以外をいう。,施設なし,対象外当事者,その他,対象外当事者,その他,単路－5.5m以上,直線－平坦,単路（交差点付近を含む）,規制なし,中央分離帯,区分あり－縁石・ブロック等,車両相互,45～54歳,0～24歳,乗用車－軽自動車,二輪車－原付自転車,自家用,自家用,乗用車,対象外当事者,50㎞／ｈ以下,指定の速度規制なし等,左後-無,右-無,小破,小破,その他,対象外当事者,その他,対象外当事者,損傷なし,負傷,火,その他,33.880869,132.752071,2019-06-04,19:12,blue,,,,,,,,,,,,
本票,愛媛,松山東,0281,負傷,0,1,01962,上,0000,201,昼－明,曇,市街地－その他,舗装－湿潤,交差点－その他,環状交差点以外 環状交差点以外をいう。,点灯－３灯式,規制なし,表示なし,規制なし,表示なし,交差点－大（13.0ｍ以上）－中,直線－平坦,交差点内,規制なし,中央線－ペイント,区分あり－縁石・ブロック等,車両相互,55～64歳,0～24歳,乗用車－普通車,軽車両－自転車,自家用,対象外当事者,乗用車,対象外当事者,40㎞／ｈ以下,対象外当事者,前-無,右-無,中破,大破,その他,対象外当事者,その他,対象外当事者,損傷なし,負傷,水,その他,33.856479,132.759131,2019-06-05,05:23,blue,,,,,,,,,,,,
本票,愛媛,松山東,0282,負傷,0,1,37000,対象外,0000,201,昼－昼,晴,市街地－その他,舗装－乾燥,交差点－その他,環状交差点以外 環状交差点以外をいう。,施設なし,規制なし,表示なし,対象外当事者,その他,交差点－中（5.5m以上）－小,直線－平坦,交差点内,規制なし,中央線－ペイント,区分あり－路側帯,人対車両,55～64歳,55～64歳,乗用車－軽自動車,歩行者,自家用,対象外当事者,乗用車,対象外当事者,30㎞／ｈ以下,対象外当事者,左-無,無-無,小破,対象外当事者,その他,対象外当事者,その他,対象外当事者,損傷なし,負傷,日,その他,33.831589,132.768666,2019-05-26,15:30,blue,,,,,,,,,,,,
本票,愛媛,松山東,0283,負傷,0,1,37000,対象外,0000,201,昼－昼,晴,市街地－人口集中,舗装－乾燥,交差点－その他,環状交差点以外 環状交差点以外をいう。,施設なし,規制なし,表示なし,規制なし,表示なし,交差点－中（5.5m以上）－小,直線－平坦,交差点内,規制なし,中央線－ペイント,区分あり－縁石・ブロック等,車両相互,35～44歳,0～24歳,乗用車－普通車,軽車両－自転車,自家用,対象外当事者,乗用車,対象外当事者,40㎞／ｈ以下,対象外当事者,前-無,右-無,小破,小破,その他,対象外当事者,その他,対象外当事者,損傷なし,負傷,土,その他,33.848695,132.761984,2019-06-01,10:56,blue,,,,,,,,,,,,