資料区分,都道府県コード,警察署等コード,本票番号,事故内容,死者数,負傷者数,路線コード,上下線,地点コード,市区町村コード,昼夜,天候,地形,路面状態,道路形状,環状交差点の直径,信号機,一時停止規制　標識（当事者A）,一時停止規制　表示（当事者A）,一時停止規制　標識（当事者B）,一時停止規制　表示（当事者B）,車道幅員,道路線形,衝突地点,ゾーン規制,中央分離帯施設等,歩車道区分,事故類型,年齢（当事者A）,年齢（当事者B）,当事者種別（当事者A）,当事者種別（当事者B）,用途別（当事者A）,用途別（当事者B）,車両形状（当事者A）,車両形状（当事者B）,速度規制（指定のみ）（当事者A）,速度規制（指定のみ）（当事者B）,車両の衝突部位（当事者A）,車両の衝突部位（当事者B）,車両の損壊程度（当事者A）,車両の損壊程度（当事者B）,エアバッグの装備（当事者A）,エアバッグの装備（当事者B）,サイドエアバッグの装備（当事者A）,サイドエアバッグの装備（当事者B）,人身損傷程度（当事者A）,人身損傷程度（当事者B）,曜日(発生年月日),祝日(発生年月日),緯度,経度,発生日,発生時,color,発生地点,道路管理者区分,道路区分,道路構造,曲線半径,縦断勾配,トンネル番号,当事者車両台数,車両単独事故の対象物,臨時速度規制の有無,速度規制（臨時のみ）,トンネル延長距離
本票,愛媛,松山南,0250,負傷,0,1,00330,下,1160,201,夜－夜,雨,市街地－その他,舗装－湿潤,単路－その他,環状交差点以外 環状交差点以外をいう。,施設なし,対象外当事者,その他,対象外当事者,その他,単路－13.0m以上,直線－平坦,単路（交差点付近を含む）,規制なし,中央分離帯,区分あり－縁石・ブロック等,車両相互,65～74歳,65～74歳,乗用車－普通車,乗用車－軽自動車,事業用,自家用,乗用車,乗用車,指定の速度規制なし等,50㎞／ｈ以下,右後-無,右前-左前,小破,中破,その他,装備あり 作動,その他,その他,損傷なし,負傷,土,その他,33.810621,132.779406,2019-06-29,22:35,blue,,,,,,,,,,,,
本票,愛媛,松山南,0251,負傷,0,1,14230,対象外,0000,201,昼－昼,曇,非市街地,舗装－湿潤,単路－その他,環状交差点以外 環状交差点以外をいう。,施設なし,対象外当事者,その他,対象外当事者,その他,単路－5.5m以上,直線－平坦,単路（交差点付近を含む）,規制なし,中央線－ペイント,区分あり－縁石・ブロック等,車両相互,35～44歳,65～74歳,貨物車－大型車,乗用車－軽自動車,事業用,自家用,貨物車,乗用車,40㎞／ｈ以下,40㎞／ｈ以下,右前-無,右前-右,小破,中破,その他,その他,その他,その他,負傷,損傷なし,水,その他,33.780088,132.818878,2019-07-03,14:45,blue,,,,,,,,,,,,
本票,愛媛,松山南,0252,負傷,0,1,00330,下,0000,402,昼－昼,曇,非市街地,舗装－乾燥,単路－その他,環状交差点以外 環状交差点以外をいう。,施設なし,対象外当事者,その他,対象外当事者,その他,単路－13.0m以上,直線－平坦,単路（交差点付近を含む）,規制なし,中央分離帯,区分あり－縁石・ブロック等,車両相互,45～54歳,35～44歳,乗用車－普通車,乗用車－軽自動車,自家用,自家用,乗用車,乗用車,指定の速度規制なし等,指定の速度規制なし等,後-前,前-無,小破,中破,その他,その他,その他,その他,損傷なし,損傷なし,月,その他,33.775270,132.787206,2019-07-08,08:41,blue,,,,,,,,,,,,
本票,愛媛,松山南,0253,負傷,0,1,00330,下,0000,402,夜－夜,雨,非市街地,舗装－湿潤,単路－カーブ・屈折,環状交差点以外 環状交差点以外をいう。,施設なし,対象外当事者,その他,対象外当事者,その他,単路－5.5m以上,カーブ・屈折－右－下り,単路（交差点付近を含む）,規制なし,中央線－ペイント,区分あり－路側帯,車両単独,55～64歳,不明,貨物車－準中型車,物件等,事業用,対象外当事者,貨物車,対象外当事者,50㎞／ｈ以下,対象外当事者,前-無,無-無,大破,対象外当事者,装備あり 作動,対象外当事者,その他,対象外当事者,損傷なし,対象外当事者,日,前日,33.736606,132.811322,2018-09-16,04:03,blue,,,,,,,,,,,,
本票,愛媛,松山南,0254,負傷,0,1,25820,対象外,0000,215,昼－昼,晴,非市街地,舗装－乾燥,単路－その他,環状交差点以外 環状交差点以外をいう。,施設なし,対象外当事者,その他,対象外当事者,その他,単路－5.5m以上,直線－平坦,単路（交差点付近を含む）,規制なし,中央分離なし,区分あり－縁石・ブロック等,車両相互,35～44歳,75歳以上,乗用車－普通車,乗用車－軽自動車,自家用,自家用,乗用車,乗用車,40㎞／ｈ以下,20㎞／ｈ以下,右後-無,左前-無,小破,小破,その他,その他,その他,その他,負傷,損傷なし,月,その他,33.804733,132.880522,2019-07-01,12:50,blue,,,,,,,,,,,,
本票,愛媛,松山南,0255,負傷,0,1,37000,対象外,0000,402,昼－昼,晴,非市街地,舗装－乾燥,交差点－その他,環状交差点以外 環状交差点以外をいう。,消灯,標準－反射式,表示あり,規制なし,表示なし,交差点－小（5.5m未満）－小,直線－平坦,交差点内,規制なし,中央分離なし,区分あり－路側帯,車両相互,0～24歳,0～24歳,軽車両－自転車,軽車両－自転車,対象外当事者,対象外当事者,対象外当事者,対象外当事者,対象外当事者,対象外当事者,前-無,前-無,小破,小破,対象外当事者,対象外当事者,対象外当事者,対象外当事者,損傷なし,負傷,火,その他,33.747403,132.788068,2019-06-18,07:30,blue,,,,,,,,,,,,
本票,愛媛,松山南,0256,負傷,0,1,00110,上,2334,201,昼－昼,曇,市街地－その他,舗装－乾燥,交差点－その他,環状交差点以外 環状交差点以外をいう。,点灯－３灯式,規制なし,表示なし,規制なし,表示なし,交差点－大（13.0ｍ以上）－小,直線－平坦,交差点内,規制なし,中央分離帯,区分あり－縁石・ブロック等,車両相互,45～54歳,65～74歳,乗用車－普通車,乗用車－普通車,自家用,自家用,乗用車,乗用車,50㎞／ｈ以下,50㎞／ｈ以下,左-無,前-無,中破,中破,その他,装備あり 作動,その他,その他,損傷なし,負傷,火,当日,33.810148,132.798462,2019-04-30,12:57,blue,,,,,,,,,,,,
本票,愛媛,松山南,0257,負傷,0,1,37000,対象外,0000,201,昼－昼,曇,非市街地,舗装－湿潤,交差点－その他,環状交差点以外 環状交差点以外をいう。,施設なし,規制なし,表示なし,規制なし,表示なし,交差点－小（5.5m未満）－小,直線－平坦,交差点内,規制なし,中央分離なし,区分あり－路側帯,車両相互,25～34歳,0～24歳,乗用車－普通車,軽車両－自転車,自家用,対象外当事者,乗用車,対象外当事者,30㎞／ｈ以下,対象外当事者,右前-右,左-前,小破,小破,その他,対象外当事者,その他,対象外当事者,損傷なし,負傷,木,その他,33.803377,132.791710,2019-07-04,07:35,blue,,,,,,,,,,,,
本票,愛媛,松山南,0258,負傷,0,1,25470,対象外,0000,201,昼－昼,晴,市街地－人口集中,舗装－乾燥,交差点－その他,環状交差点以外 環状交差点以外をいう。,施設なし,規制なし,表示なし,規制なし,表示なし,交差点－中（5.5m以上）－中,直線－平坦,交差点内,規制なし,中央線－ペイント,区分あり－路側帯,車両相互,35～44歳,0～24歳,貨物車－軽自動車,二輪車－原付自転車,事業用,自家用,貨物車,対象外当事者,40㎞／ｈ以下,指定の速度規制なし等,左-無,右-無,小破,小破,その他,対象外当事者,その他,対象外当事者,損傷なし,負傷,金,その他,33.814506,132.809399,2019-07-05,13:38,blue,,,,,,,,,,,,
本票,愛媛,松山南,0259,負傷,0,1,37000,対象外,0000,201,昼－昼,晴,非市街地,舗装－乾燥,交差点－その他,環状交差点以外 環状交差点以外をいう。,点滅－１灯式,規制なし,表示なし,規制なし,表示なし,交差点－中（5.5m以上）－小,直線－平坦,交差点内,規制なし,中央分離なし,区分なし,車両相互,35～44歳,35～44歳,乗用車－普通車,軽車両－自転車,自家用,対象外当事者,乗用車,対象外当事者,指定の速度規制なし等,対象外当事者,右前-無,左-無,小破,小破,その他,対象外当事者,その他,対象外当事者,損傷なし,負傷,火,その他,33.823643,132.771250,2019-06-25,08:35,blue,,,,,,,,,,,,
本票,愛媛,松山南,0260,負傷,0,1,14400,対象外,0000,201,夜－夜,晴,市街地－人口集中,舗装－乾燥,単路－その他,環状交差点以外 環状交差点以外をいう。,点灯－３灯式,対象外当事者,その他,対象外当事者,その他,単路－5.5m以上,直線－平坦,単路（交差点付近を含む）,規制なし,中央線－ペイント,区分あり－路側帯,車両相互,35～44歳,25～34歳,乗用車－普通車,乗用車－軽自動車,自家用,自家用,乗用車,乗用車,40㎞／ｈ以下,40㎞／ｈ以下,前-無,後-無,小破,小破,その他,その他,その他,その他,損傷なし,負傷,日,その他,33.808414,132.806252,2019-07-07,20:50,blue,,,,,,,,,,,,
本票,愛媛,松山南,0261,負傷,0,1,25000,対象外,0000,215,昼－昼,雨,非市街地,舗装－湿潤,単路－その他,環状交差点以外 環状交差点以外をいう。,施設なし,対象外当事者,その他,対象外当事者,その他,単路－5.5m以上,直線－平坦,単路（交差点付近を含む）,規制なし,中央分離なし,区分あり－縁石・ブロック等,車両相互,55～64歳,55～64歳,乗用車－普通車,貨物車－軽自動車,自家用,自家用,乗用車,貨物車,50㎞／ｈ以下,指定の速度規制なし等,左後-無,右前-無,小破,小破,その他,その他,その他,その他,損傷なし,損傷なし,土,その他,33.790141,132.835633,2019-03-30,11:09,blue,,,,,,,,,,,,
本票,愛媛,松山南,0262,負傷,0,1,37000,対象外,0000,215,昼－昼,晴,非市街地,舗装－乾燥,交差点－その他,環状交差点以外 環状交差点以外をいう。,施設なし,規制なし,表示なし,規制なし,表示なし,交差点－小（5.5m未満）－小,直線－平坦,交差点内,規制なし,中央分離なし,区分あり－縁石・ブロック等,車両相互,35～44歳,35～44歳,乗用車－普通車,二輪車－原付自転車,自家用,自家用,乗用車,対象外当事者,指定の速度規制なし等,指定の速度規制なし等,右-無,前-無,小破,中破,その他,対象外当事者,その他,対象外当事者,損傷なし,負傷,月,その他,33.796051,132.848571,2019-06-03,17:53,blue,,,,,,,,,,,,
本票,愛媛,松山南,0263,負傷,0,1,25480,対象外,0000,201,昼－昼,曇,市街地－その他,舗装－乾燥,交差点－その他,環状交差点以外 環状交差点以外をいう。,施設なし,標準－反射式,表示あり,規制なし,表示なし,交差点－中（5.5m以上）－小,直線－平坦,交差点内,規制なし,中央分離なし,区分あり－路側帯,車両相互,75歳以上,25～34歳,乗用車－普通車,乗用車－普通車,自家用,自家用,乗用車,乗用車,指定の速度規制なし等,指定の速度規制なし等,前-無,右前-無,小破,小破,その他,その他,その他,その他,損傷なし,負傷,土,その他,33.811731,132.792787,2019-07-13,09:07,blue,,,,,,,,,,,,
本票,愛媛,松山南,0264,負傷,0,1,00110,上,0000,201,昼－昼,曇,非市街地,舗装－乾燥,単路－その他,環状交差点以外 環状交差点以外をいう。,施設なし,対象外当事者,その他,対象外当事者,その他,単路－5.5m以上,直線－平坦,単路（交差点付近を含む）,規制なし,中央分離帯,区分あり－縁石・ブロック等,車両相互,45～54歳,65～74歳,乗用車－普通車,貨物車－軽自動車,自家用,自家用,乗用車,貨物車,50㎞／ｈ以下,50㎞／ｈ以下,後-無,前-無,中破,中破,その他,装備あり 作動,その他,その他,負傷,損傷なし,金,その他,33.818455,132.792631,2019-07-12,15:24,blue,,,,,,,,,,,,
本票,愛媛,松山南,0265,負傷,0,2,37000,対象外,0000,201,昼－暮,晴,市街地－その他,舗装－乾燥,単路－その他,環状交差点以外 環状交差点以外をいう。,施設なし,対象外当事者,その他,対象外当事者,その他,単路－9.0m以上,直線－平坦,単路（交差点付近を含む）,規制なし,中央分離なし,区分なし,車両相互,35～44歳,35～44歳,乗用車－軽自動車,乗用車－軽自動車,自家用,自家用,乗用車,乗用車,50㎞／ｈ以下,50㎞／ｈ以下,前-無,後-無,小破,小破,その他,その他,その他,その他,損傷なし,負傷,火,その他,33.795815,132.796954,2019-07-16,18:20,blue,,,,,,,,,,,,
本票,愛媛,松山南,0266,負傷,0,1,37000,対象外,0000,402,昼－暮,雨,非市街地,舗装－湿潤,交差点－その他,環状交差点以外 環状交差点以外をいう。,施設なし,標準－反射式,表示なし,規制なし,表示なし,交差点－中（5.5m以上）－小,直線－平坦,交差点内,規制なし,中央線－ペイント,区分あり－路側帯,車両相互,0～24歳,35～44歳,乗用車－普通車,貨物車－普通車,自家用,自家用,乗用車,貨物車,指定の速度規制なし等,30㎞／ｈ以下,前-左前,右-右前,小破,小破,その他,その他,その他,その他,損傷なし,負傷,金,その他,33.739089,132.792971,2019-07-19,19:10,blue,,,,,,,,,,,,
本票,愛媛,松山南,0267,負傷,0,1,37000,対象外,0000,201,昼－昼,晴,非市街地,舗装－乾燥,単路－その他,環状交差点以外 環状交差点以外をいう。,施設なし,対象外当事者,その他,対象外当事者,その他,単路－5.5m以上,直線－平坦,単路（交差点付近を含む）,規制なし,中央分離なし,区分あり－縁石・ブロック等,車両相互,55～64歳,45～54歳,乗用車－軽自動車,貨物車－軽自動車,自家用,事業用,乗用車,貨物車,40㎞／ｈ以下,40㎞／ｈ以下,前-無,後-無,小破,小破,その他,その他,その他,その他,負傷,損傷なし,火,その他,33.812772,132.795192,2019-07-16,15:46,blue,,,,,,,,,,,,
本票,愛媛,松山南,0268,負傷,0,1,00110,上,2248,215,昼－昼,曇,市街地－その他,舗装－乾燥,交差点－その他,環状交差点以外 環状交差点以外をいう。,点灯－３灯式,その他,表示なし,規制なし,表示なし,交差点－大（13.0ｍ以上）－中,直線－平坦,交差点内,規制なし,中央分離帯,区分あり－縁石・ブロック等,車両相互,25～34歳,45～54歳,乗用車－普通車,乗用車－普通車,自家用,自家用,乗用車,乗用車,50㎞／ｈ以下,50㎞／ｈ以下,前-右前,左前-前,大破,大破,その他,装備あり 作動,装備あり 作動,その他,損傷なし,負傷,水,その他,33.807468,132.878807,2019-07-17,16:35,blue,,,,,,,,,,,,
本票,愛媛,松山南,0269,負傷,0,2,56110,上,0973,201,昼－昼,曇,非市街地,舗装－乾燥,単路－その他,環状交差点以外 環状交差点以外をいう。,施設なし,対象外当事者,その他,対象外当事者,その他,単路－3.5m以上,直線－平坦,単路（交差点付近を含む）,規制なし,中央線－ポストコーン,区分あり－路側帯,車両相互,35～44歳,0～24歳,乗用車－普通車,乗用車－軽自動車,自家用,自家用,乗用車,乗用車,60㎞／ｈ以下,60㎞／ｈ以下,後-無,前-無,小破,小破,その他,その他,その他,その他,負傷,損傷なし,火,その他,33.704637,132.829166,2019-07-02,13:05,blue,,,,,,,,,,,,
本票,愛媛,松山南,0270,負傷,0,1,37000,対象外,0000,201,昼－昼,雨,非市街地,舗装－湿潤,単路－その他,環状交差点以外 環状交差点以外をいう。,施設なし,対象外当事者,その他,対象外当事者,その他,単路－13.0m以上,直線－平坦,単路（交差点付近を含む）,規制なし,中央分離帯,区分あり－縁石・ブロック等,車両相互,55～64歳,25～34歳,乗用車－普通車,二輪車－自動二輪－原付二種－51～125cc,自家用,自家用,乗用車,対象外当事者,50㎞／ｈ以下,50㎞／ｈ以下,無-無,右-無,損壊なし,小破,その他,対象外当事者,その他,対象外当事者,損傷なし,負傷,金,その他,33.821677,132.773398,2019-07-19,08:35,blue,,,,,,,,,,,,
本票,愛媛,松山南,0272,負傷,0,1,25700,対象外,0000,402,昼－昼,晴,市街地－その他,舗装－乾燥,交差点－その他,環状交差点以外 環状交差点以外をいう。,施設なし,標準－反射式,表示なし,規制なし,表示なし,交差点－大（13.0ｍ以上）－小,直線－平坦,交差点内,規制なし,中央分離なし,区分あり－縁石・ブロック等,車両相互,25～34歳,45～54歳,乗用車－軽自動車,二輪車－自動二輪－原付二種－51～125cc,自家用,自家用,乗用車,対象外当事者,50㎞／ｈ以下,50㎞／ｈ以下,前-左前,左-前,小破,小破,その他,対象外当事者,その他,対象外当事者,損傷なし,負傷,水,その他,33.784813,132.791085,2019-07-17,08:04,blue,,,,,,,,,,,,
本票,愛媛,松山南,0273,負傷,0,1,37000,対象外,0000,201,昼－昼,晴,非市街地,舗装－乾燥,交差点－その他,環状交差点以外 環状交差点以外をいう。,施設なし,標準－反射式,表示あり,規制なし,表示なし,交差点－小（5.5m未満）－小,直線－平坦,交差点内,規制なし,中央分離なし,区分あり－縁石・ブロック等,車両相互,45～54歳,75歳以上,乗用車－普通車,軽車両－自転車,自家用,対象外当事者,乗用車,対象外当事者,指定の速度規制なし等,対象外当事者,前-無,左-無,小破,小破,その他,対象外当事者,その他,対象外当事者,損傷なし,負傷,金,その他,33.810121,132.761963,2019-06-28,08:40,blue,,,,,,,,,,,,
本票,愛媛,松山南,0274,負傷,0,1,37000,対象外,0000,201,昼－昼,晴,非市街地,舗装－乾燥,単路－その他,環状交差点以外 環状交差点以外をいう。,施設なし,対象外当事者,その他,対象外当事者,その他,単路－3.5m以上,直線－平坦,単路（交差点付近を含む）,規制なし,中央分離なし,区分あり－縁石・ブロック等,車両相互,35～44歳,35～44歳,乗用車－軽自動車,乗用車－軽自動車,自家用,自家用,乗用車,乗用車,40㎞／ｈ以下,40㎞／ｈ以下,前-無,後-無,小破,小破,その他,その他,その他,その他,損傷なし,負傷,木,その他,33.812404,132.765632,2019-07-18,13:50,blue,,,,,,,,,,,,
本票,愛媛,松山南,0275,死亡,1,0,00330,上,0000,201,昼－昼,晴,非市街地,舗装－乾燥,単路－カーブ・屈折,環状交差点以外 環状交差点以外をいう。,施設なし,対象外当事者,その他,対象外当事者,その他,単路－13.0m以上,カーブ・屈折－右－上り,その他,規制なし,中央分離なし,区分あり－防護柵等,車両単独,55～64歳,不明,二輪車－自動二輪－小型二輪－751ｃｃ以上,物件等,自家用,対象外当事者,対象外当事者,対象外当事者,50㎞／ｈ以下,対象外当事者,後-無,無-無,大破,対象外当事者,対象外当事者,対象外当事者,対象外当事者,対象外当事者,死亡,対象外当事者,日,その他,33.703615,132.850473,2019-07-28,07:31,red,,,,,,,,,,,,
本票,愛媛,松山南,0276,負傷,0,1,37000,対象外,0000,201,夜－暮,曇,非市街地,舗装－乾燥,単路－その他,環状交差点以外 環状交差点以外をいう。,施設なし,対象外当事者,その他,対象外当事者,その他,単路－9.0m以上,直線－平坦,単路（交差点付近を含む）,規制なし,中央分離帯,区分あり－縁石・ブロック等,車両相互,45～54歳,0～24歳,乗用車－普通車,二輪車－原付自転車,自家用,自家用,乗用車,対象外当事者,50㎞／ｈ以下,指定の速度規制なし等,後-無,前-無,小破,小破,その他,対象外当事者,その他,対象外当事者,負傷,損傷なし,火,その他,33.821760,132.767393,2019-07-23,19:34,blue,,,,,,,,,,,,
本票,愛媛,松山南,0277,負傷,0,1,00330,上,1040,402,夜－明,曇,非市街地,舗装－湿潤,単路－カーブ・屈折,環状交差点以外 環状交差点以外をいう。,施設なし,対象外当事者,その他,対象外当事者,その他,単路－5.5m以上,カーブ・屈折－左－平坦,単路（交差点付近を含む）,規制なし,中央線－ペイント,区分あり－路側帯,車両単独,0～24歳,不明,乗用車－普通車,物件等,自家用,対象外当事者,乗用車,対象外当事者,50㎞／ｈ以下,対象外当事者,右前-左前,無-無,中破,対象外当事者,装備あり 作動,対象外当事者,その他,対象外当事者,損傷なし,対象外当事者,日,その他,33.737715,132.811119,2019-07-21,04:50,blue,,,,,,,,,,,,
本票,愛媛,松山南,0278,負傷,0,1,37000,対象外,0000,201,昼－昼,晴,非市街地,舗装－乾燥,交差点－その他,環状交差点以外 環状交差点以外をいう。,施設なし,標準－反射式,表示あり,規制なし,表示なし,交差点－中（5.5m以上）－小,直線－平坦,交差点内,規制なし,中央分離なし,区分あり－縁石・ブロック等,車両相互,45～54歳,25～34歳,乗用車－普通車,軽車両－自転車,自家用,対象外当事者,乗用車,対象外当事者,指定の速度規制なし等,対象外当事者,左前-無,左-無,小破,小破,その他,対象外当事者,その他,対象外当事者,損傷なし,負傷,金,その他,33.820575,132.765601,2019-07-12,09:10,blue,,,,,,,,,,,,
本票,愛媛,松山南,0279,負傷,0,1,25000,対象外,0000,201,昼－昼,晴,非市街地,舗装－乾燥,交差点－その他,環状交差点以外 環状交差点以外をいう。,点灯－押ボタン式,規制なし,表示あり,規制なし,表示なし,交差点－中（5.5m以上）－小,直線－平坦,交差点内,規制なし,中央線－ペイント,区分あり－路側帯,車両相互,35～44歳,25～34歳,乗用車－軽自動車,二輪車－自動二輪－原付二種－51～125cc,自家用,自家用,乗用車,対象外当事者,指定の速度規制なし等,40㎞／ｈ以下,前-無,左-無,小破,小破,その他,対象外当事者,その他,対象外当事者,損傷なし,負傷,金,その他,33.793887,132.800170,2019-07-26,08:00,blue,,,,,,,,,,,,
本票,愛媛,高速道路交通警察隊,0022,負傷,0,1,四国縦貫自動車道 上り,上,1402,201,夜－夜,晴,非市街地,舗装－乾燥,単路－橋,環状交差点以外 環状交差点以外をいう。,施設なし,対象外当事者,その他,対象外当事者,その他,単路－3.5m以上,直線－平坦,単路（交差点付近を含む）,規制なし,中央分離帯,区分なし,車両相互,55～64歳,0～24歳,貨物車－大型車,乗用車－普通車,事業用,自家用,貨物車,乗用車,100㎞/h以下,100㎞/h以下,左前-無,右後-無,小破,中破,その他,その他,その他,その他,損傷なし,負傷,日,その他,33.795134,132.798059,2019-07-28,22:40,blue,1402,西日本高速道路,走行車線－第二通行帯以上,完全分離－高架・橋梁,該当なし,平坦・該当なし,,2,該当なし,該当なし,該当なし,0
本票,愛媛,高速道路交通警察隊,0023,負傷,0,1,一般国道56号宇和島道路 下り,下,2226,203,昼－昼,雨,非市街地,舗装－湿潤,単路－トンネル,環状交差点以外 環状交差点以外をいう。,施設なし,対象外当事者,その他,対象外当事者,その他,単路－5.5m以上,直線－平坦,単路（交差点付近を含む）,規制なし,中央線－ポストコーン,区分あり－縁石・ブロック等,車両相互,0～24歳,65～74歳,貨物車－準中型車,乗用車－軽自動車,自家用,自家用,貨物車,乗用車,70㎞／ｈ以下,70㎞／ｈ以下,前-無,後-前,小破,中破,その他,その他,その他,その他,損傷なし,負傷,月,その他,33.238913,132.563818,2019-08-19,12:35,blue,2226,国土交通省,走行車線－第一通行帯,非分離－トンネル,直線,平坦・該当なし,藤江,3,該当なし,該当なし,70㎞/h以下,885
本票,愛媛,高速道路交通警察隊,0024,負傷,0,1,四国縦貫自動車道 上り,上,0000,210,昼－昼,晴,市街地－人口集中,舗装－乾燥,一般交通の場所,環状交差点以外 環状交差点以外をいう。,施設なし,対象外当事者,その他,対象外当事者,その他,一般交通の場所,一般交通の場所,その他,規制なし,一般交通の場所,区分なし,車両相互,45～54歳,55～64歳,乗用車－普通車,乗用車－軽自動車,自家用,自家用,乗用車,乗用車,指定の速度規制なし等,指定の速度規制なし等,後-無,右前-無,小破,小破,その他,その他,その他,その他,負傷,損傷なし,土,その他,33.770326,132.753434,2019-08-17,16:03,blue,0,西日本高速道路,サービスエリア,その他,該当なし,平坦・該当なし,,2,該当なし,該当なし,該当なし,0
本票,愛媛,高速道路交通警察隊,0025,負傷,0,1,四国縦貫自動車道 下り,下,1228,215,夜－夜,曇,非市街地,舗装－乾燥,単路－トンネル,環状交差点以外 環状交差点以外をいう。,施設なし,対象外当事者,その他,対象外当事者,その他,単路－5.5m以上,直線－平坦,単路（交差点付近を含む）,規制なし,中央分離帯,区分あり－縁石・ブロック等,車両相互,45～54歳,35～44歳,貨物車－大型車,乗用車－軽自動車,事業用,自家用,貨物車,乗用車,80㎞／ｈ以下,80㎞／ｈ以下,左前-無,右後-無,小破,大破,その他,その他,その他,その他,損傷なし,負傷,日,その他,33.819886,132.963576,2019-08-25,01:58,blue,1228,西日本高速道路,走行車線－第二通行帯以上,完全分離－トンネル,直線,平坦・該当なし,川内,2,該当なし,該当なし,80㎞/h以下,1400
本票,愛媛,四国中央,0080,負傷,0,1,00110,上,1653,213,昼－昼,晴,非市街地,舗装－乾燥,交差点－その他,環状交差点以外 環状交差点以外をいう。,点灯－３灯式,規制なし,表示なし,規制なし,表示なし,交差点－中（5.5m以上）－中,直線－平坦,交差点内,規制なし,中央線－ペイント,区分あり－縁石・ブロック等,車両相互,65～74歳,0～24歳,乗用車－軽自動車,軽車両－自転車,自家用,対象外当事者,乗用車,対象外当事者,50㎞／ｈ以下,対象外当事者,左-無,左-無,小破,小破,その他,対象外当事者,その他,対象外当事者,損傷なし,負傷,木,その他,33.955490,133.423762,2019-08-01,12:50,blue,,,,,,,,,,,,
本票,愛媛,四国中央,0081,負傷,0,1,00110,上,0000,213,昼－昼,曇,非市街地,舗装－乾燥,単路－その他,環状交差点以外 環状交差点以外をいう。,施設なし,対象外当事者,その他,対象外当事者,その他,単路－5.5m以上,直線－平坦,単路（交差点付近を含む）,規制なし,中央線－ペイント,区分あり－縁石・ブロック等,車両相互,35～44歳,0～24歳,乗用車－普通車,乗用車－軽自動車,自家用,自家用,乗用車,乗用車,50㎞／ｈ以下,50㎞／ｈ以下,後-無,前-無,小破,小破,その他,その他,その他,その他,負傷,損傷なし,金,その他,33.998286,133.561219,2019-06-21,11:20,blue,,,,,,,,,,,,
本票,愛媛,四国中央,0082,負傷,0,1,00110,下,1526,213,昼－暮,晴,非市街地,舗装－乾燥,単路－その他,環状交差点以外 環状交差点以外をいう。,施設なし,対象外当事者,その他,対象外当事者,その他,単路－5.5m以上,直線－平坦,単路（交差点付近を含む）,規制なし,中央線－ペイント,区分あり－縁石・ブロック等,車両相互,55～64歳,45～54歳,乗用車－普通車,乗用車－軽自動車,自家用,自家用,乗用車,乗用車,50㎞／ｈ以下,50㎞／ｈ以下,前-無,後-無,小破,小破,その他,その他,その他,その他,損傷なし,負傷,金,その他,33.997238,133.548638,2019-08-09,18:10,blue,,,,,,,,,,,,
本票,愛媛,四国中央,0083,負傷,0,1,00110,上,1566,213,昼－昼,曇,市街地－その他,舗装－乾燥,単路－その他,環状交差点以外 環状交差点以外をいう。,施設なし,対象外当事者,その他,対象外当事者,その他,単路－5.5m以上,直線－平坦,単路（交差点付近を含む）,規制なし,中央分離帯,区分あり－縁石・ブロック等,車両相互,35～44歳,25～34歳,乗用車－軽自動車,二輪車－自動二輪－小型二輪－751ｃｃ以上,自家用,自家用,乗用車,対象外当事者,50㎞／ｈ以下,50㎞／ｈ以下,左-無,前-無,小破,小破,その他,対象外当事者,その他,対象外当事者,損傷なし,負傷,火,その他,33.973882,133.540832,2019-08-13,11:21,blue,,,,,,,,,,,,
本票,愛媛,四国中央,0084,負傷,0,1,37000,対象外,0000,213,昼－昼,晴,市街地－その他,舗装－乾燥,交差点－その他,環状交差点以外 環状交差点以外をいう。,施設なし,規制なし,表示なし,規制なし,表示なし,交差点－中（5.5m以上）－小,直線－平坦,交差点内,規制なし,中央分離なし,区分なし,車両相互,65～74歳,35～44歳,乗用車－軽自動車,乗用車－軽自動車,自家用,自家用,乗用車,乗用車,30㎞／ｈ以下,40㎞／ｈ以下,前-無,左-無,小破,中破,その他,その他,その他,その他,損傷なし,負傷,木,その他,33.970496,133.529574,2019-08-22,09:13,blue,,,,,,,,,,,,
本票,愛媛,新居浜,0178,負傷,0,2,37000,対象外,0000,205,昼－昼,晴,市街地－人口集中,舗装－乾燥,交差点－その他,環状交差点以外 環状交差点以外をいう。,点灯－３灯式,規制なし,表示なし,規制なし,表示なし,交差点－中（5.5m以上）－中,直線－平坦,交差点内,規制なし,中央分離なし,区分あり－縁石・ブロック等,車両相互,55～64歳,65～74歳,乗用車－普通車,乗用車－軽自動車,自家用,自家用,乗用車,乗用車,30㎞／ｈ以下,30㎞／ｈ以下,右前-前,前-無,大破,中破,その他,装備あり 作動,その他,その他,負傷,損傷なし,土,その他,33.963320,133.281768,2019-07-06,17:31,blue,,,,,,,,,,,,
本票,愛媛,新居浜,0179,負傷,0,1,37000,対象外,0000,205,昼－昼,晴,市街地－人口集中,舗装－乾燥,交差点－その他,環状交差点以外 環状交差点以外をいう。,施設なし,規制なし,表示なし,標準－反射式,表示なし,交差点－中（5.5m以上）－小,直線－平坦,交差点内,規制なし,中央線－ペイント,区分あり－路側帯,車両相互,0～24歳,45～54歳,乗用車－普通車,軽車両－自転車,自家用,対象外当事者,乗用車,対象外当事者,40㎞／ｈ以下,対象外当事者,前-無,右-無,小破,中破,その他,対象外当事者,その他,対象外当事者,損傷なし,負傷,水,その他,33.945692,133.288046,2019-07-31,07:03,blue,,,,,,,,,,,,