資料区分,都道府県コード,警察署等コード,本票番号,事故内容,死者数,負傷者数,路線コード,上下線,地点コード,市区町村コード,昼夜,天候,地形,路面状態,道路形状,環状交差点の直径,信号機,一時停止規制　標識（当事者A）,一時停止規制　表示（当事者A）,一時停止規制　標識（当事者B）,一時停止規制　表示（当事者B）,車道幅員,道路線形,衝突地点,ゾーン規制,中央分離帯施設等,歩車道区分,事故類型,年齢（当事者A）,年齢（当事者B）,当事者種別（当事者A）,当事者種別（当事者B）,用途別（当事者A）,用途別（当事者B）,車両形状（当事者A）,車両形状（当事者B）,速度規制（指定のみ）（当事者A）,速度規制（指定のみ）（当事者B）,車両の衝突部位（当事者A）,車両の衝突部位（当事者B）,車両の損壊程度（当事者A）,車両の損壊程度（当事者B）,エアバッグの装備（当事者A）,エアバッグの装備（当事者B）,サイドエアバッグの装備（当事者A）,サイドエアバッグの装備（当事者B）,人身損傷程度（当事者A）,人身損傷程度（当事者B）,曜日(発生年月日),祝日(発生年月日),緯度,経度,発生日,発生時,color,発生地点,道路管理者区分,道路区分,道路構造,曲線半径,縦断勾配,トンネル番号,当事者車両台数,車両単独事故の対象物,臨時速度規制の有無,速度規制（臨時のみ）,トンネル延長距離
本票,愛媛,西条,0112,負傷,0,1,37000,対象外,0000,206,昼－昼,曇,市街地－人口集中,舗装－乾燥,交差点－その他,環状交差点以外 環状交差点以外をいう。,施設なし,規制なし,表示なし,対象外当事者,その他,交差点－小（5.5m未満）－小,直線－平坦,交差点内,ゾーン30,中央分離なし,区分あり－縁石・ブロック等,人対車両,35～44歳,0～24歳,乗用車－普通車,歩行者,自家用,対象外当事者,乗用車,対象外当事者,30㎞／ｈ以下,対象外当事者,左-無,無-無,小破,対象外当事者,その他,対象外当事者,その他,対象外当事者,損傷なし,負傷,火,その他,33.913921,133.174573,2019-10-08,07:35,blue,,,,,,,,,,,,
本票,愛媛,西条,0113,負傷,0,1,37000,対象外,0000,206,昼－昼,晴,非市街地,舗装－乾燥,交差点－その他,環状交差点以外 環状交差点以外をいう。,施設なし,規制なし,表示なし,対象外当事者,その他,交差点－大（13.0ｍ以上）－小,直線－平坦,交差点内,規制なし,中央線－ペイント,区分あり－縁石・ブロック等,人対車両,0～24歳,25～34歳,二輪車－原付自転車,歩行者,自家用,対象外当事者,対象外当事者,対象外当事者,指定の速度規制なし等,対象外当事者,右-無,無-無,損壊なし,対象外当事者,対象外当事者,対象外当事者,対象外当事者,対象外当事者,損傷なし,負傷,木,その他,33.939749,133.188244,2019-10-10,07:35,blue,,,,,,,,,,,,
本票,愛媛,西条,0114,負傷,0,1,70000,対象外,0000,206,夜－夜,晴,市街地－その他,舗装－乾燥,単路－その他,環状交差点以外 環状交差点以外をいう。,施設なし,対象外当事者,その他,対象外当事者,その他,単路－3.5m以上,直線－下り,単路（交差点付近を含む）,規制なし,中央分離なし,区分なし,人対車両,45～54歳,不明,歩行者,対象外当事者,対象外当事者,対象外当事者,対象外当事者,対象外当事者,対象外当事者,対象外当事者,無-無,無-無,対象外当事者,対象外当事者,対象外当事者,対象外当事者,対象外当事者,対象外当事者,負傷,対象外当事者,火,その他,33.901553,133.183086,2019-10-15,05:00,blue,,,,,,,,,,,,
本票,愛媛,西条,0115,負傷,0,1,25240,対象外,0000,206,夜－夜,雨,市街地－その他,舗装－湿潤,単路－その他,環状交差点以外 環状交差点以外をいう。,施設なし,対象外当事者,その他,対象外当事者,その他,単路－5.5m以上,直線－平坦,単路（交差点付近を含む）,規制なし,中央線－ペイント,区分あり－縁石・ブロック等,車両相互,0～24歳,45～54歳,乗用車－普通車,乗用車－普通車,自家用,自家用,乗用車,乗用車,指定の速度規制なし等,40㎞／ｈ以下,左前-無,右前-無,小破,小破,その他,その他,その他,その他,損傷なし,負傷,日,前日,33.926549,133.183620,2019-09-22,19:33,blue,,,,,,,,,,,,
本票,愛媛,西条,0116,負傷,0,2,00110,下,1942,206,昼－昼,曇,市街地－その他,舗装－乾燥,単路－その他,環状交差点以外 環状交差点以外をいう。,施設なし,対象外当事者,その他,対象外当事者,その他,単路－5.5m以上,直線－平坦,単路（交差点付近を含む）,規制なし,中央線－ペイント,区分あり－縁石・ブロック等,車両相互,45～54歳,35～44歳,乗用車－普通車,乗用車－普通車,自家用,自家用,乗用車,乗用車,40㎞／ｈ以下,40㎞／ｈ以下,右前-右,右前-右,中破,中破,その他,その他,その他,その他,損傷なし,負傷,火,その他,33.895358,133.132162,2019-10-15,07:41,blue,,,,,,,,,,,,
本票,愛媛,西条,0117,負傷,0,1,00110,下,0000,206,昼－昼,晴,市街地－その他,舗装－乾燥,単路－その他,環状交差点以外 環状交差点以外をいう。,点灯－３灯式,対象外当事者,その他,対象外当事者,その他,単路－9.0m以上,直線－平坦,単路（交差点付近を含む）,規制なし,中央線－ペイント,区分あり－縁石・ブロック等,車両相互,25～34歳,45～54歳,貨物車－大型車,乗用車－軽自動車,事業用,自家用,貨物車,乗用車,40㎞／ｈ以下,50㎞／ｈ以下,前-無,後-無,小破,中破,その他,装備あり 作動,その他,その他,損傷なし,負傷,火,その他,33.913674,133.209824,2019-10-15,13:53,blue,,,,,,,,,,,,
本票,愛媛,西条,0118,負傷,0,1,01940,対象外,0000,206,昼－昼,曇,非市街地,舗装－乾燥,単路－カーブ・屈折,環状交差点以外 環状交差点以外をいう。,施設なし,対象外当事者,その他,対象外当事者,その他,単路－3.5m未満,カーブ・屈折－右－下り,単路（交差点付近を含む）,規制なし,中央線－高輝度標示,区分あり－縁石・ブロック等,車両相互,55～64歳,0～24歳,乗用車－普通車,乗用車－普通車,自家用,自家用,乗用車,乗用車,50㎞／ｈ以下,50㎞／ｈ以下,前-無,前-無,中破,中破,その他,その他,その他,その他,損傷なし,負傷,月,当日,33.851048,133.200612,2019-10-14,13:08,blue,,,,,,,,,,,,
本票,愛媛,西条,0119,負傷,0,1,37000,対象外,0000,206,昼－昼,晴,市街地－人口集中,舗装－乾燥,交差点－その他,環状交差点以外 環状交差点以外をいう。,点灯－３灯式,規制なし,表示なし,対象外当事者,その他,交差点－中（5.5m以上）－小,直線－平坦,交差点内,規制なし,中央線－ペイント,区分あり－縁石・ブロック等,人対車両,65～74歳,0～24歳,乗用車－軽自動車,歩行者,自家用,対象外当事者,乗用車,対象外当事者,40㎞／ｈ以下,対象外当事者,右前-無,無-無,小破,対象外当事者,その他,対象外当事者,その他,対象外当事者,損傷なし,負傷,水,その他,33.918287,133.191964,2019-10-16,16:30,blue,,,,,,,,,,,,
本票,愛媛,西条,0120,負傷,0,1,14040,対象外,0000,206,夜－夜,雨,市街地－その他,舗装－湿潤,単路－その他,環状交差点以外 環状交差点以外をいう。,施設なし,対象外当事者,その他,対象外当事者,その他,単路－13.0m以上,直線－平坦,単路（交差点付近を含む）,規制なし,中央分離帯,区分あり－縁石・ブロック等,人対車両,25～34歳,65～74歳,乗用車－軽自動車,歩行者,自家用,対象外当事者,乗用車,対象外当事者,50㎞／ｈ以下,対象外当事者,左前-無,無-無,損壊なし,対象外当事者,その他,対象外当事者,その他,対象外当事者,損傷なし,負傷,木,その他,33.928257,133.184545,2019-10-24,19:50,blue,,,,,,,,,,,,
本票,愛媛,西条,0121,負傷,0,2,14040,対象外,0000,206,昼－昼,晴,市街地－その他,舗装－湿潤,単路－その他,環状交差点以外 環状交差点以外をいう。,施設なし,対象外当事者,その他,対象外当事者,その他,単路－9.0m以上,直線－平坦,単路（交差点付近を含む）,規制なし,中央分離帯,区分あり－縁石・ブロック等,車両相互,35～44歳,25～34歳,乗用車－普通車,乗用車－普通車,自家用,自家用,乗用車,乗用車,50㎞／ｈ以下,50㎞／ｈ以下,前-無,後-無,小破,小破,その他,その他,その他,その他,損傷なし,負傷,火,当日,33.929499,133.191968,2019-10-22,16:06,blue,,,,,,,,,,,,
本票,愛媛,西条,0122,負傷,0,2,99000,対象外,0000,206,昼－昼,曇,非市街地,舗装－乾燥,一般交通の場所,環状交差点以外 環状交差点以外をいう。,施設なし,対象外当事者,その他,対象外当事者,その他,一般交通の場所,一般交通の場所,その他,規制なし,一般交通の場所,区分なし,車両相互,55～64歳,75歳以上,乗用車－軽自動車,貨物車－軽自動車,自家用,自家用,乗用車,貨物車,指定の速度規制なし等,指定の速度規制なし等,右後-無,左後-無,小破,小破,その他,その他,その他,その他,負傷,損傷なし,月,前日,33.920237,133.230300,2019-10-21,13:25,blue,,,,,,,,,,,,
本票,愛媛,西条,0123,負傷,0,2,00110,下,0000,206,夜－夜,雨,市街地－その他,舗装－湿潤,単路－その他,環状交差点以外 環状交差点以外をいう。,施設なし,対象外当事者,その他,対象外当事者,その他,単路－5.5m以上,直線－平坦,単路（交差点付近を含む）,規制なし,中央線－ペイント,区分あり－縁石・ブロック等,車両相互,55～64歳,75歳以上,貨物車－準中型車,乗用車－普通車,自家用,自家用,貨物車,乗用車,50㎞／ｈ以下,50㎞／ｈ以下,右前-無,左前-左,小破,小破,その他,その他,その他,その他,負傷,損傷なし,金,その他,33.897223,133.171314,2019-10-25,02:00,blue,,,,,,,,,,,,
本票,愛媛,西条西,0081,負傷,0,1,25100,対象外,0000,206,昼－昼,晴,市街地－その他,舗装－乾燥,交差点－その他,環状交差点以外 環状交差点以外をいう。,点灯－３灯式,規制なし,表示なし,規制なし,表示なし,交差点－大（13.0ｍ以上）－小,直線－平坦,交差点内,規制なし,中央分離なし,区分あり－路側帯,車両相互,55～64歳,25～34歳,乗用車－普通車,乗用車－軽自動車,自家用,自家用,乗用車,乗用車,40㎞／ｈ以下,指定の速度規制なし等,左-無,前-無,小破,小破,その他,その他,その他,その他,損傷なし,負傷,月,当日,33.943098,133.065634,2019-09-23,12:18,blue,,,,,,,,,,,,
本票,愛媛,西条西,0082,負傷,0,1,01960,上,0621,206,昼－昼,晴,市街地－人口集中,舗装－乾燥,交差点－その他,環状交差点以外 環状交差点以外をいう。,点灯－３灯式,規制なし,表示なし,規制なし,表示なし,交差点－大（13.0ｍ以上）－中,直線－平坦,交差点内,規制なし,中央線－ペイント,区分あり－縁石・ブロック等,車両相互,25～34歳,0～24歳,乗用車－普通車,乗用車－軽自動車,自家用,自家用,乗用車,乗用車,40㎞／ｈ以下,40㎞／ｈ以下,前-無,後-無,小破,中破,装備あり 作動,その他,その他,その他,損傷なし,負傷,土,その他,33.937846,133.085450,2019-10-05,12:18,blue,,,,,,,,,,,,
本票,愛媛,西条西,0083,負傷,0,1,01960,上,0568,206,昼－昼,晴,市街地－その他,舗装－乾燥,単路－その他,環状交差点以外 環状交差点以外をいう。,施設なし,対象外当事者,その他,対象外当事者,その他,単路－5.5m以上,直線－平坦,単路（交差点付近を含む）,規制なし,中央線－ペイント,区分あり－縁石・ブロック等,車両相互,35～44歳,0～24歳,乗用車－普通車,乗用車－軽自動車,自家用,自家用,乗用車,乗用車,50㎞／ｈ以下,50㎞／ｈ以下,後-無,前-前,小破,小破,その他,その他,その他,その他,負傷,損傷なし,日,前日,33.980806,133.056072,2019-10-13,08:20,blue,,,,,,,,,,,,
本票,愛媛,西条西,0084,負傷,0,4,01960,下,0623,206,昼－昼,曇,市街地－人口集中,舗装－乾燥,単路－その他,環状交差点以外 環状交差点以外をいう。,施設なし,対象外当事者,その他,対象外当事者,その他,単路－5.5m以上,直線－平坦,単路（交差点付近を含む）,規制なし,中央線－ペイント,区分あり－縁石・ブロック等,車両相互,65～74歳,65～74歳,乗用車－軽自動車,乗用車－軽自動車,自家用,自家用,乗用車,乗用車,40㎞／ｈ以下,40㎞／ｈ以下,左前-無,右後-無,小破,小破,その他,その他,その他,その他,損傷なし,負傷,月,当日,33.938184,133.085191,2019-10-14,13:12,blue,,,,,,,,,,,,
本票,愛媛,西条西,0085,負傷,0,1,14600,対象外,0000,206,昼－昼,曇,非市街地,舗装－乾燥,単路－その他,環状交差点以外 環状交差点以外をいう。,施設なし,対象外当事者,その他,対象外当事者,その他,単路－5.5m以上,直線－平坦,単路（交差点付近を含む）,規制なし,中央線－ペイント,区分あり－縁石・ブロック等,車両相互,35～44歳,35～44歳,乗用車－普通車,乗用車－軽自動車,自家用,自家用,乗用車,乗用車,50㎞／ｈ以下,50㎞／ｈ以下,後-無,前-無,小破,小破,その他,その他,その他,その他,負傷,損傷なし,土,その他,33.896260,133.053310,2019-10-12,15:11,blue,,,,,,,,,,,,
本票,愛媛,西条西,0086,負傷,0,1,01960,上,0000,206,昼－暮,曇,非市街地,舗装－乾燥,単路－その他,環状交差点以外 環状交差点以外をいう。,施設なし,対象外当事者,その他,対象外当事者,その他,単路－5.5m以上,直線－平坦,単路（交差点付近を含む）,規制なし,中央線－ペイント,区分あり－縁石・ブロック等,車両相互,75歳以上,45～54歳,乗用車－普通車,貨物車－軽自動車,自家用,自家用,乗用車,貨物車,50㎞／ｈ以下,50㎞／ｈ以下,後-無,前-無,小破,小破,その他,その他,その他,その他,負傷,損傷なし,土,その他,33.953218,133.078538,2019-10-12,17:18,blue,,,,,,,,,,,,
本票,愛媛,西条西,0087,負傷,0,3,00110,上,1972,206,昼－昼,雨,市街地－人口集中,舗装－湿潤,単路－その他,環状交差点以外 環状交差点以外をいう。,施設なし,対象外当事者,その他,対象外当事者,その他,単路－5.5m以上,直線－平坦,単路（交差点付近を含む）,規制なし,中央線－ペイント,区分あり－縁石・ブロック等,車両相互,55～64歳,45～54歳,貨物車－中型車,乗用車－軽自動車,事業用,自家用,貨物車,乗用車,50㎞／ｈ以下,50㎞／ｈ以下,前-無,後-無,小破,小破,その他,その他,その他,その他,損傷なし,負傷,土,その他,33.895922,133.101262,2019-10-19,11:30,blue,,,,,,,,,,,,
本票,愛媛,西条西,0088,負傷,0,2,14600,対象外,0000,206,夜－夜,晴,市街地－その他,舗装－乾燥,単路－その他,環状交差点以外 環状交差点以外をいう。,施設なし,対象外当事者,その他,対象外当事者,その他,単路－9.0m以上,直線－平坦,単路（交差点付近を含む）,規制なし,中央線－ペイント,区分あり－縁石・ブロック等,車両相互,35～44歳,0～24歳,乗用車－軽自動車,乗用車－軽自動車,自家用,自家用,乗用車,乗用車,40㎞／ｈ以下,40㎞／ｈ以下,前-無,後-無,小破,小破,その他,その他,その他,その他,損傷なし,負傷,金,その他,33.925246,133.084686,2019-10-25,18:33,blue,,,,,,,,,,,,
本票,愛媛,今治,0247,負傷,0,1,01961,上,0000,202,昼－昼,晴,非市街地,舗装－乾燥,交差点－その他,環状交差点以外 環状交差点以外をいう。,施設なし,規制なし,表示なし,規制なし,表示なし,交差点－小（5.5m未満）－小,直線－平坦,交差点内,規制なし,中央分離なし,区分なし,車両相互,65～74歳,0～24歳,貨物車－軽自動車,軽車両－自転車,自家用,対象外当事者,貨物車,対象外当事者,30㎞／ｈ以下,対象外当事者,左前-無,前-無,小破,小破,その他,対象外当事者,その他,対象外当事者,損傷なし,負傷,月,当日,34.053007,132.978391,2019-09-16,13:25,blue,,,,,,,,,,,,
本票,愛媛,今治,0248,負傷,0,1,99000,対象外,0000,202,昼－暮,晴,市街地－その他,舗装－乾燥,一般交通の場所,環状交差点以外 環状交差点以外をいう。,施設なし,対象外当事者,その他,対象外当事者,その他,一般交通の場所,一般交通の場所,その他,規制なし,一般交通の場所,区分なし,人対車両,55～64歳,65～74歳,乗用車－普通車,歩行者,自家用,対象外当事者,乗用車,対象外当事者,指定の速度規制なし等,対象外当事者,左後-無,無-無,損壊なし,対象外当事者,その他,対象外当事者,その他,対象外当事者,損傷なし,負傷,金,その他,34.063827,132.997220,2019-09-27,17:20,blue,,,,,,,,,,,,
本票,愛媛,今治,0249,負傷,0,1,37000,対象外,0000,202,昼－昼,晴,市街地－その他,舗装－乾燥,単路－カーブ・屈折,環状交差点以外 環状交差点以外をいう。,施設なし,対象外当事者,その他,対象外当事者,その他,単路－5.5m以上,カーブ・屈折－左－下り,単路（交差点付近を含む）,規制なし,中央分離なし,区分なし,車両単独,0～24歳,不明,軽車両－自転車,相手なし,対象外当事者,対象外当事者,対象外当事者,対象外当事者,対象外当事者,対象外当事者,右-無,無-無,小破,対象外当事者,対象外当事者,対象外当事者,対象外当事者,対象外当事者,負傷,対象外当事者,日,その他,34.090490,132.990724,2019-09-29,16:40,blue,,,,,,,,,,,,
本票,愛媛,今治,0250,負傷,0,1,14390,対象外,0000,202,夜－夜,晴,非市街地,舗装－乾燥,単路－その他,環状交差点以外 環状交差点以外をいう。,施設なし,対象外当事者,その他,対象外当事者,その他,単路－5.5m以上,直線－平坦,単路（交差点付近を含む）,規制なし,中央線－ペイント,区分あり－縁石・ブロック等,車両相互,55～64歳,0～24歳,乗用車－軽自動車,軽車両－自転車,自家用,対象外当事者,乗用車,対象外当事者,指定の速度規制なし等,対象外当事者,右前-無,左-無,小破,小破,その他,対象外当事者,その他,対象外当事者,損傷なし,負傷,土,その他,34.030314,133.036436,2019-09-28,20:30,blue,,,,,,,,,,,,
本票,愛媛,今治,0251,負傷,0,1,25110,対象外,0000,202,夜－夜,雨,非市街地,舗装－湿潤,交差点－その他,環状交差点以外 環状交差点以外をいう。,点灯－３灯式,規制なし,表示なし,規制なし,表示なし,交差点－中（5.5m以上）－中,直線－平坦,交差点内,規制なし,中央線－ペイント,区分あり－縁石・ブロック等,車両相互,0～24歳,65～74歳,乗用車－軽自動車,貨物車－軽自動車,自家用,自家用,乗用車,貨物車,40㎞／ｈ以下,40㎞／ｈ以下,左前-無,右前-無,中破,小破,装備あり 作動,その他,その他,その他,損傷なし,損傷なし,金,その他,34.039094,132.977121,2019-09-20,20:42,blue,,,,,,,,,,,,
本票,愛媛,今治,0252,負傷,0,1,37000,対象外,0000,202,夜－夜,曇,市街地－人口集中,舗装－乾燥,交差点－その他,環状交差点以外 環状交差点以外をいう。,施設なし,標準－反射式,表示あり,対象外当事者,その他,交差点－小（5.5m未満）－小,直線－平坦,その他,規制なし,中央分離なし,区分なし,人対車両,45～54歳,35～44歳,乗用車－普通車,歩行者,自家用,対象外当事者,乗用車,対象外当事者,30㎞／ｈ以下,対象外当事者,左前-無,無-無,損壊なし,対象外当事者,その他,対象外当事者,その他,対象外当事者,損傷なし,負傷,火,その他,34.064856,133.000443,2019-10-01,22:00,blue,,,,,,,,,,,,
本票,愛媛,今治,0253,負傷,0,1,25000,対象外,0000,202,昼－昼,雨,非市街地,舗装－湿潤,交差点－その他,環状交差点以外 環状交差点以外をいう。,点灯－３灯式,規制なし,表示なし,規制なし,表示なし,交差点－中（5.5m以上）－小,直線－平坦,交差点内,規制なし,中央線－ペイント,区分あり－縁石・ブロック等,車両相互,0～24歳,35～44歳,貨物車－普通車,乗用車－軽自動車,自家用,自家用,貨物車,乗用車,40㎞／ｈ以下,指定の速度規制なし等,左後-無,左前-無,小破,小破,その他,その他,その他,その他,負傷,損傷なし,水,その他,34.040481,133.028563,2019-08-28,07:45,blue,,,,,,,,,,,,
本票,愛媛,今治,0254,死亡,1,0,14080,対象外,0000,202,昼－暮,晴,非市街地,舗装－乾燥,単路－カーブ・屈折,環状交差点以外 環状交差点以外をいう。,施設なし,対象外当事者,その他,対象外当事者,その他,単路－5.5m以上,カーブ・屈折－左－平坦,単路（交差点付近を含む）,規制なし,中央線－ペイント,区分あり－縁石・ブロック等,車両相互,65～74歳,0～24歳,乗用車－軽自動車,二輪車－自動二輪－軽二輪－126～250cc,自家用,自家用,乗用車,対象外当事者,50㎞／ｈ以下,50㎞／ｈ以下,右前-無,前-無,中破,大破,装備あり 作動,対象外当事者,その他,対象外当事者,損傷なし,死亡,金,その他,34.095774,132.939218,2019-10-04,17:42,red,,,,,,,,,,,,
本票,愛媛,今治,0255,負傷,0,1,37000,対象外,0000,202,昼－昼,晴,非市街地,舗装－乾燥,交差点－その他,環状交差点以外 環状交差点以外をいう。,施設なし,規制なし,表示なし,規制なし,表示なし,交差点－小（5.5m未満）－小,直線－平坦,交差点内,規制なし,中央分離なし,区分なし,車両相互,45～54歳,0～24歳,二輪車－原付自転車,軽車両－自転車,自家用,対象外当事者,対象外当事者,対象外当事者,指定の速度規制なし等,対象外当事者,前-無,右-無,小破,小破,対象外当事者,対象外当事者,対象外当事者,対象外当事者,損傷なし,負傷,月,その他,34.029839,133.001356,2019-09-30,07:10,blue,,,,,,,,,,,,
本票,愛媛,今治,0256,負傷,0,1,37000,対象外,0000,202,昼－昼,雨,非市街地,舗装－乾燥,単路－その他,環状交差点以外 環状交差点以外をいう。,点灯－３灯式,対象外当事者,その他,対象外当事者,その他,単路－13.0m以上,直線－平坦,単路（交差点付近を含む）,規制なし,中央線－ペイント,区分あり－縁石・ブロック等,車両相互,35～44歳,45～54歳,乗用車－軽自動車,乗用車－軽自動車,自家用,自家用,乗用車,乗用車,50㎞／ｈ以下,50㎞／ｈ以下,前-無,後-無,小破,小破,その他,その他,その他,その他,損傷なし,負傷,金,その他,34.037762,132.996719,2019-09-20,13:20,blue,,,,,,,,,,,,
本票,愛媛,今治,0257,負傷,0,2,03170,対象外,0000,202,夜－暮,晴,市街地－その他,舗装－乾燥,単路－その他,環状交差点以外 環状交差点以外をいう。,施設なし,対象外当事者,その他,対象外当事者,その他,単路－5.5m以上,直線－平坦,単路（交差点付近を含む）,規制なし,中央線－ペイント,区分あり－縁石・ブロック等,車両相互,25～34歳,25～34歳,乗用車－普通車,乗用車－普通車,自家用,自家用,乗用車,乗用車,40㎞／ｈ以下,40㎞／ｈ以下,前-無,後-前,中破,中破,装備あり 作動,その他,その他,その他,損傷なし,負傷,金,その他,34.077587,132.991250,2019-10-04,18:13,blue,,,,,,,,,,,,
本票,愛媛,今治,0258,負傷,0,1,01960,下,0000,202,昼－昼,晴,非市街地,舗装－乾燥,単路－その他,環状交差点以外 環状交差点以外をいう。,施設なし,対象外当事者,その他,対象外当事者,その他,単路－5.5m以上,直線－平坦,その他,規制なし,中央分離なし,区分あり－縁石・ブロック等,車両相互,55～64歳,0～24歳,乗用車－普通車,乗用車－軽自動車,自家用,自家用,乗用車,乗用車,50㎞／ｈ以下,50㎞／ｈ以下,後-無,前-無,小破,大破,その他,装備あり 作動,その他,その他,負傷,損傷なし,木,その他,34.033399,132.837378,2019-08-22,07:45,blue,,,,,,,,,,,,
本票,愛媛,今治,0259,負傷,0,1,37000,対象外,0000,202,夜－夜,曇,市街地－その他,舗装－乾燥,単路－その他,環状交差点以外 環状交差点以外をいう。,施設なし,対象外当事者,その他,対象外当事者,その他,単路－3.5m以上,直線－平坦,単路（交差点付近を含む）,規制なし,中央分離なし,区分なし,人対車両,75歳以上,45～54歳,乗用車－軽自動車,歩行者,自家用,対象外当事者,乗用車,対象外当事者,30㎞／ｈ以下,対象外当事者,左前-無,無-無,小破,対象外当事者,その他,対象外当事者,その他,対象外当事者,損傷なし,負傷,火,その他,34.065692,132.998763,2019-10-08,21:55,blue,,,,,,,,,,,,
本票,愛媛,今治,0260,負傷,0,1,25130,対象外,0000,202,昼－暮,晴,非市街地,舗装－乾燥,交差点－その他,環状交差点以外 環状交差点以外をいう。,点灯－３灯式,規制なし,表示なし,規制なし,表示なし,交差点－中（5.5m以上）－中,直線－平坦,交差点内,規制なし,中央分離なし,区分あり－路側帯,車両相互,65～74歳,0～24歳,乗用車－軽自動車,軽車両－自転車,自家用,対象外当事者,乗用車,対象外当事者,30㎞／ｈ以下,対象外当事者,右前-無,右-無,小破,小破,その他,対象外当事者,その他,対象外当事者,損傷なし,負傷,水,その他,34.046182,132.994105,2019-10-09,16:56,blue,,,,,,,,,,,,
本票,愛媛,今治,0261,負傷,0,1,03170,上,0000,202,昼－昼,晴,非市街地,舗装－乾燥,交差点－その他,環状交差点以外 環状交差点以外をいう。,点灯－３灯式,規制なし,表示なし,対象外当事者,その他,交差点－中（5.5m以上）－中,直線－平坦,交差点内,規制なし,中央線－ペイント,区分あり－縁石・ブロック等,人対車両,25～34歳,75歳以上,乗用車－普通車,歩行者,自家用,対象外当事者,乗用車,対象外当事者,40㎞／ｈ以下,対象外当事者,前-無,無-無,損壊なし,対象外当事者,その他,対象外当事者,その他,対象外当事者,損傷なし,負傷,金,その他,34.053009,132.985198,2019-10-11,09:43,blue,,,,,,,,,,,,
本票,愛媛,今治,0262,負傷,0,2,14390,対象外,0000,202,昼－明,曇,市街地－その他,舗装－乾燥,交差点－その他,環状交差点以外 環状交差点以外をいう。,点灯－３灯式,規制なし,表示なし,規制なし,表示なし,交差点－中（5.5m以上）－中,直線－平坦,交差点内,規制なし,中央線－ペイント,区分あり－縁石・ブロック等,車両相互,55～64歳,0～24歳,乗用車－普通車,乗用車－軽自動車,自家用,自家用,乗用車,乗用車,50㎞／ｈ以下,40㎞／ｈ以下,前-無,右-無,中破,中破,装備あり 作動,その他,その他,その他,負傷,負傷,日,前日,34.046619,133.019378,2019-10-13,06:13,blue,,,,,,,,,,,,
本票,愛媛,今治,0263,負傷,0,2,37000,対象外,0000,202,夜－夜,曇,市街地－その他,舗装－乾燥,単路－その他,環状交差点以外 環状交差点以外をいう。,施設なし,対象外当事者,その他,対象外当事者,その他,単路－5.5m以上,直線－平坦,単路（交差点付近を含む）,規制なし,中央分離なし,区分あり－路側帯,車両単独,55～64歳,不明,乗用車－軽自動車,物件等,自家用,対象外当事者,乗用車,対象外当事者,40㎞／ｈ以下,対象外当事者,前-無,無-無,大破,対象外当事者,装備あり 作動,対象外当事者,その他,対象外当事者,負傷,対象外当事者,火,当日,34.034961,133.015731,2019-10-22,04:55,blue,,,,,,,,,,,,
本票,愛媛,今治,0264,負傷,0,1,37000,対象外,0000,202,夜－暮,晴,市街地－その他,舗装－乾燥,単路－その他,環状交差点以外 環状交差点以外をいう。,施設なし,対象外当事者,その他,対象外当事者,その他,単路－5.5m以上,直線－平坦,その他,規制なし,中央線－ペイント,区分あり－路側帯,車両相互,65～74歳,0～24歳,乗用車－軽自動車,軽車両－自転車,自家用,対象外当事者,乗用車,対象外当事者,50㎞／ｈ以下,対象外当事者,左前-左,前-左,小破,小破,その他,対象外当事者,その他,対象外当事者,損傷なし,負傷,水,その他,34.009079,133.005054,2019-10-23,18:20,blue,,,,,,,,,,,,
本票,愛媛,今治,0265,負傷,0,1,37000,対象外,0000,202,昼－昼,晴,市街地－その他,舗装－乾燥,交差点－その他,環状交差点以外 環状交差点以外をいう。,施設なし,規制なし,表示なし,標準－反射式,表示なし,交差点－小（5.5m未満）－小,直線－平坦,交差点内,規制なし,中央分離なし,区分あり－路側帯,車両相互,35～44歳,55～64歳,乗用車－普通車,貨物車－普通車,自家用,事業用,乗用車,貨物車,30㎞／ｈ以下,30㎞／ｈ以下,左後-無,左前-無,小破,小破,その他,その他,その他,その他,負傷,損傷なし,土,その他,34.045562,133.010959,2019-10-12,10:40,blue,,,,,,,,,,,,
本票,愛媛,今治,0266,負傷,0,1,37000,対象外,0000,202,夜－夜,曇,非市街地,舗装－湿潤,単路－その他,環状交差点以外 環状交差点以外をいう。,施設なし,対象外当事者,その他,対象外当事者,その他,単路－3.5m以上,直線－平坦,単路（交差点付近を含む）,規制なし,中央分離なし,区分あり－路側帯,人対車両,25～34歳,55～64歳,乗用車－軽自動車,歩行者,自家用,対象外当事者,乗用車,対象外当事者,30㎞／ｈ以下,対象外当事者,左-無,無-無,中破,対象外当事者,その他,対象外当事者,その他,対象外当事者,損傷なし,負傷,金,その他,34.037554,132.991235,2019-10-18,21:14,blue,,,,,,,,,,,,
本票,愛媛,今治,0267,負傷,0,1,37000,対象外,0000,202,昼－昼,曇,非市街地,舗装－乾燥,単路－その他,環状交差点以外 環状交差点以外をいう。,施設なし,対象外当事者,その他,対象外当事者,その他,単路－3.5m以上,直線－平坦,その他,規制なし,中央分離なし,区分なし,車両相互,35～44歳,65～74歳,乗用車－軽自動車,貨物車－軽自動車,自家用,自家用,乗用車,貨物車,指定の速度規制なし等,指定の速度規制なし等,右後-無,右前-無,小破,小破,その他,その他,その他,その他,負傷,損傷なし,月,前日,34.045571,132.980884,2019-10-21,14:05,blue,,,,,,,,,,,,