資料区分,都道府県コード,警察署等コード,本票番号,事故内容,死者数,負傷者数,路線コード,上下線,地点コード,市区町村コード,昼夜,天候,地形,路面状態,道路形状,環状交差点の直径,信号機,一時停止規制　標識（当事者A）,一時停止規制　表示（当事者A）,一時停止規制　標識（当事者B）,一時停止規制　表示（当事者B）,車道幅員,道路線形,衝突地点,ゾーン規制,中央分離帯施設等,歩車道区分,事故類型,年齢（当事者A）,年齢（当事者B）,当事者種別（当事者A）,当事者種別（当事者B）,用途別（当事者A）,用途別（当事者B）,車両形状（当事者A）,車両形状（当事者B）,速度規制（指定のみ）（当事者A）,速度規制（指定のみ）（当事者B）,車両の衝突部位（当事者A）,車両の衝突部位（当事者B）,車両の損壊程度（当事者A）,車両の損壊程度（当事者B）,エアバッグの装備（当事者A）,エアバッグの装備（当事者B）,サイドエアバッグの装備（当事者A）,サイドエアバッグの装備（当事者B）,人身損傷程度（当事者A）,人身損傷程度（当事者B）,曜日(発生年月日),祝日(発生年月日),緯度,経度,発生日,発生時,color,発生地点,道路管理者区分,道路区分,道路構造,曲線半径,縦断勾配,トンネル番号,当事者車両台数,車両単独事故の対象物,臨時速度規制の有無,速度規制（臨時のみ）,トンネル延長距離
本票,愛媛,松山東,0423,負傷,0,1,00560,下,2888,201,昼－昼,曇,市街地－その他,舗装－湿潤,交差点－その他,環状交差点以外 環状交差点以外をいう。,点灯－３灯式,規制なし,表示なし,規制なし,表示なし,交差点－大（13.0ｍ以上）－中,直線－平坦,交差点内,規制なし,中央分離帯,区分あり－縁石・ブロック等,車両相互,65～74歳,0～24歳,貨物車－中型車,二輪車－原付自転車,自家用,自家用,貨物車,対象外当事者,指定の速度規制なし等,指定の速度規制なし等,右前-前,後-左,小破,小破,その他,対象外当事者,その他,対象外当事者,損傷なし,負傷,木,その他,33.805997,132.729139,2019-07-04,07:23,blue,,,,,,,,,,,,
本票,愛媛,松山東,0494,負傷,0,1,37000,対象外,0000,201,夜－夜,晴,市街地－その他,舗装－乾燥,単路－その他,環状交差点以外 環状交差点以外をいう。,施設なし,対象外当事者,その他,対象外当事者,その他,単路－13.0m以上,直線－平坦,単路（交差点付近を含む）,規制なし,中央線－ペイント,区分あり－縁石・ブロック等,人対車両,65～74歳,35～44歳,乗用車－普通車,歩行者,事業用,対象外当事者,乗用車,対象外当事者,40㎞／ｈ以下,対象外当事者,右前-前,無-無,小破,対象外当事者,その他,対象外当事者,その他,対象外当事者,損傷なし,負傷,土,その他,33.836447,132.774138,2019-08-24,00:03,blue,,,,,,,,,,,,
本票,愛媛,松山東,0505,負傷,0,2,01960,上,0018,201,昼－暮,曇,市街地－人口集中,舗装－乾燥,単路－その他,環状交差点以外 環状交差点以外をいう。,点灯－３灯式,対象外当事者,その他,対象外当事者,その他,単路－9.0m以上,直線－平坦,単路（交差点付近を含む）,規制なし,中央分離帯,区分あり－縁石・ブロック等,車両相互,65～74歳,55～64歳,乗用車－普通車,乗用車－軽自動車,自家用,自家用,乗用車,乗用車,40㎞／ｈ以下,40㎞／ｈ以下,右前-無,左後-無,中破,中破,その他,その他,その他,その他,損傷なし,負傷,土,その他,33.855825,132.758955,2019-09-21,17:34,blue,,,,,,,,,,,,
本票,愛媛,松山東,0506,負傷,0,1,37000,対象外,0000,201,昼－昼,晴,非市街地,舗装－乾燥,交差点－その他,環状交差点以外 環状交差点以外をいう。,点灯－３灯式,規制なし,表示なし,規制なし,表示なし,交差点－大（13.0ｍ以上）－中,直線－平坦,交差点内,規制なし,中央線－ペイント,区分あり－縁石・ブロック等,車両相互,35～44歳,75歳以上,貨物車－普通車,軽車両－自転車,自家用,対象外当事者,貨物車,対象外当事者,50㎞／ｈ以下,対象外当事者,前-右前,前-無,小破,小破,その他,対象外当事者,その他,対象外当事者,損傷なし,負傷,月,その他,33.811059,132.741697,2019-09-02,11:51,blue,,,,,,,,,,,,
本票,愛媛,松山東,0507,負傷,0,1,37000,対象外,0000,201,昼－昼,晴,市街地－人口集中,舗装－乾燥,交差点－その他,環状交差点以外 環状交差点以外をいう。,施設なし,標準－反射式,表示あり,規制なし,表示なし,交差点－中（5.5m以上）－小,直線－平坦,交差点内,規制なし,中央分離なし,区分あり－路側帯,車両相互,0～24歳,65～74歳,乗用車－軽自動車,二輪車－原付自転車,自家用,自家用,乗用車,対象外当事者,指定の速度規制なし等,指定の速度規制なし等,左前-無,前-無,小破,小破,その他,対象外当事者,その他,対象外当事者,損傷なし,負傷,土,その他,33.833669,132.785444,2019-09-14,07:00,blue,,,,,,,,,,,,
本票,愛媛,松山東,0508,負傷,0,1,37000,対象外,0000,201,夜－夜,晴,市街地－人口集中,舗装－乾燥,交差点－その他,環状交差点以外 環状交差点以外をいう。,施設なし,規制なし,表示なし,規制なし,表示なし,交差点－中（5.5m以上）－小,直線－平坦,交差点内,規制なし,中央分離なし,区分なし,車両相互,45～54歳,45～54歳,乗用車－普通車,軽車両－自転車,自家用,対象外当事者,乗用車,対象外当事者,指定の速度規制なし等,対象外当事者,左前-無,右-無,小破,小破,その他,対象外当事者,その他,対象外当事者,損傷なし,負傷,金,その他,33.853482,132.748530,2019-09-13,20:15,blue,,,,,,,,,,,,
本票,愛媛,松山東,0509,負傷,0,1,37000,対象外,0000,201,昼－昼,晴,市街地－人口集中,舗装－乾燥,単路－その他,環状交差点以外 環状交差点以外をいう。,施設なし,対象外当事者,その他,対象外当事者,その他,単路－5.5m以上,直線－平坦,単路（交差点付近を含む）,規制なし,中央分離帯,区分あり－縁石・ブロック等,車両相互,35～44歳,35～44歳,貨物車－軽自動車,二輪車－原付自転車,自家用,自家用,貨物車,対象外当事者,60㎞／ｈ以下,指定の速度規制なし等,左-左前,前-右,小破,小破,その他,対象外当事者,その他,対象外当事者,損傷なし,負傷,月,当日,33.836740,132.746661,2019-09-16,16:30,blue,,,,,,,,,,,,
本票,愛媛,松山東,0510,負傷,0,1,14100,対象外,0000,201,昼－昼,曇,市街地－人口集中,舗装－乾燥,交差点－その他,環状交差点以外 環状交差点以外をいう。,施設なし,規制なし,表示なし,規制なし,表示なし,交差点－中（5.5m以上）－小,直線－平坦,交差点内,規制なし,中央線－ペイント,区分あり－縁石・ブロック等,車両相互,35～44歳,55～64歳,乗用車－普通車,二輪車－原付自転車,自家用,自家用,乗用車,対象外当事者,40㎞／ｈ以下,指定の速度規制なし等,左前-無,前-無,小破,中破,その他,対象外当事者,その他,対象外当事者,損傷なし,負傷,月,その他,33.847323,132.752046,2019-09-30,16:25,blue,,,,,,,,,,,,
本票,愛媛,松山東,0511,負傷,0,1,99000,対象外,0000,201,夜－夜,晴,市街地－人口集中,舗装－乾燥,一般交通の場所,環状交差点以外 環状交差点以外をいう。,施設なし,対象外当事者,その他,対象外当事者,その他,一般交通の場所,一般交通の場所,その他,規制なし,一般交通の場所,区分なし,車両相互,25～34歳,25～34歳,乗用車－普通車,乗用車－軽自動車,自家用,自家用,乗用車,乗用車,指定の速度規制なし等,指定の速度規制なし等,右後-無,右後-無,小破,小破,その他,その他,その他,その他,損傷なし,負傷,木,その他,33.846896,132.794146,2019-09-19,19:36,blue,,,,,,,,,,,,
本票,愛媛,松山東,0512,負傷,0,1,03170,対象外,0000,201,昼－明,晴,非市街地,舗装－乾燥,単路－カーブ・屈折,環状交差点以外 環状交差点以外をいう。,施設なし,対象外当事者,その他,対象外当事者,その他,単路－9.0m以上,カーブ・屈折－右－平坦,単路（交差点付近を含む）,規制なし,中央線－ペイント,区分あり－路側帯,車両相互,0～24歳,25～34歳,乗用車－普通車,乗用車－普通車,自家用,自家用,乗用車,乗用車,50㎞／ｈ以下,40㎞／ｈ以下,前-無,前-無,中破,中破,装備あり 作動,装備あり 作動,その他,その他,損傷なし,負傷,土,その他,33.890538,132.836477,2019-09-21,06:12,blue,,,,,,,,,,,,
本票,愛媛,松山東,0513,負傷,0,1,37000,対象外,0000,201,昼－昼,曇,市街地－人口集中,舗装－乾燥,交差点－その他,環状交差点以外 環状交差点以外をいう。,施設なし,規制なし,表示なし,規制なし,表示なし,交差点－大（13.0ｍ以上）－中,直線－平坦,交差点内,規制なし,中央分離帯,区分あり－縁石・ブロック等,車両相互,65～74歳,0～24歳,貨物車－軽自動車,二輪車－自動二輪－原付二種－51～125cc,自家用,自家用,貨物車,対象外当事者,40㎞／ｈ以下,40㎞／ｈ以下,右前-無,左-無,小破,小破,その他,対象外当事者,その他,対象外当事者,損傷なし,負傷,水,その他,33.835003,132.771373,2019-08-28,14:25,blue,,,,,,,,,,,,
本票,愛媛,松山東,0514,負傷,0,1,00110,下,0000,201,昼－昼,曇,市街地－人口集中,舗装－乾燥,単路－その他,環状交差点以外 環状交差点以外をいう。,施設なし,対象外当事者,その他,対象外当事者,その他,単路－13.0m以上,直線－平坦,単路（交差点付近を含む）,規制なし,中央分離帯,区分あり－縁石・ブロック等,車両相互,55～64歳,55～64歳,乗用車－普通車,軽車両－自転車,自家用,対象外当事者,乗用車,対象外当事者,50㎞／ｈ以下,対象外当事者,左-無,右-無,小破,小破,その他,対象外当事者,その他,対象外当事者,損傷なし,負傷,金,その他,33.830502,132.780069,2019-09-27,07:09,blue,,,,,,,,,,,,
本票,愛媛,松山東,0515,負傷,0,1,37000,対象外,0000,201,夜－夜,雨,市街地－人口集中,舗装－湿潤,交差点－その他,環状交差点以外 環状交差点以外をいう。,施設なし,標準－反射式,表示あり,規制なし,表示なし,交差点－小（5.5m未満）－小,直線－平坦,交差点内,規制なし,中央分離なし,区分なし,車両相互,55～64歳,45～54歳,乗用車－普通車,二輪車－原付自転車,自家用,自家用,乗用車,対象外当事者,指定の速度規制なし等,指定の速度規制なし等,前-無,前-無,小破,小破,その他,対象外当事者,その他,対象外当事者,損傷なし,負傷,水,その他,33.822824,132.739106,2019-10-02,18:55,blue,,,,,,,,,,,,
本票,愛媛,松山東,0516,負傷,0,1,37000,対象外,0000,201,昼－昼,曇,市街地－その他,舗装－乾燥,交差点－その他,環状交差点以外 環状交差点以外をいう。,施設なし,標準－反射式,表示なし,規制なし,表示なし,交差点－小（5.5m未満）－小,直線－平坦,交差点内,規制なし,中央分離なし,区分あり－縁石・ブロック等,車両相互,75歳以上,25～34歳,乗用車－普通車,軽車両－自転車,自家用,対象外当事者,乗用車,対象外当事者,指定の速度規制なし等,対象外当事者,左前-前,前-右,小破,小破,その他,対象外当事者,その他,対象外当事者,損傷なし,負傷,火,その他,33.830751,132.787526,2019-10-01,15:18,blue,,,,,,,,,,,,
本票,愛媛,松山東,0517,負傷,0,1,25000,対象外,0000,201,昼－昼,晴,市街地－その他,舗装－乾燥,交差点付近－その他,環状交差点以外 環状交差点以外をいう。,施設なし,対象外当事者,その他,対象外当事者,その他,単路－5.5m以上,直線－平坦,単路（交差点付近を含む）,規制なし,中央線－ペイント,区分あり－縁石・ブロック等,車両相互,55～64歳,35～44歳,乗用車－普通車,乗用車－普通車,自家用,自家用,乗用車,乗用車,40㎞／ｈ以下,40㎞／ｈ以下,前-無,後-無,小破,小破,その他,その他,その他,その他,損傷なし,負傷,火,その他,33.890078,132.749547,2019-09-17,15:33,blue,,,,,,,,,,,,
本票,愛媛,松山東,0518,負傷,0,1,01960,上,0000,201,昼－昼,晴,非市街地,舗装－乾燥,単路－その他,環状交差点以外 環状交差点以外をいう。,施設なし,対象外当事者,その他,対象外当事者,その他,単路－13.0m以上,直線－平坦,単路（交差点付近を含む）,規制なし,中央分離帯,区分あり－縁石・ブロック等,車両相互,45～54歳,25～34歳,乗用車－普通車,乗用車－軽自動車,自家用,自家用,乗用車,乗用車,50㎞／ｈ以下,50㎞／ｈ以下,後-無,前-無,中破,大破,その他,装備あり 作動,その他,その他,負傷,損傷なし,水,その他,33.881985,132.751999,2019-09-25,16:26,blue,,,,,,,,,,,,
本票,愛媛,松山東,0519,負傷,0,1,37000,対象外,0000,201,夜－夜,曇,市街地－人口集中,舗装－乾燥,交差点付近－その他,環状交差点以外 環状交差点以外をいう。,点灯－３灯式,対象外当事者,その他,対象外当事者,その他,単路－5.5m以上,直線－平坦,単路（交差点付近を含む）,規制なし,中央線－ペイント,区分あり－縁石・ブロック等,車両相互,35～44歳,35～44歳,乗用車－普通車,乗用車－普通車,自家用,自家用,乗用車,乗用車,30㎞／ｈ以下,30㎞／ｈ以下,右前-無,後-無,小破,小破,その他,その他,その他,その他,損傷なし,負傷,月,その他,33.836390,132.770293,2019-10-07,22:32,blue,,,,,,,,,,,,
本票,愛媛,松山東,0520,負傷,0,1,01960,下,0004,201,昼－昼,晴,市街地－その他,舗装－乾燥,単路－その他,環状交差点以外 環状交差点以外をいう。,施設なし,対象外当事者,その他,対象外当事者,その他,単路－5.5m以上,直線－平坦,単路（交差点付近を含む）,規制なし,中央線－ペイント,区分あり－縁石・ブロック等,車両相互,35～44歳,45～54歳,乗用車－普通車,乗用車－普通車,自家用,自家用,乗用車,乗用車,40㎞／ｈ以下,40㎞／ｈ以下,前-左前,後-前,小破,中破,その他,その他,その他,その他,損傷なし,負傷,土,その他,33.843028,132.758793,2019-07-27,12:41,blue,,,,,,,,,,,,
本票,愛媛,松山東,0521,負傷,0,1,00560,上,0000,201,昼－昼,晴,市街地－人口集中,舗装－乾燥,単路－その他,環状交差点以外 環状交差点以外をいう。,施設なし,対象外当事者,その他,対象外当事者,その他,単路－13.0m以上,直線－平坦,その他,規制なし,中央分離帯,区分あり－縁石・ブロック等,車両相互,25～34歳,75歳以上,乗用車－普通車,軽車両－自転車,自家用,対象外当事者,乗用車,対象外当事者,指定の速度規制なし等,対象外当事者,無-無,無-無,損壊なし,中破,その他,対象外当事者,その他,対象外当事者,損傷なし,負傷,火,その他,33.827108,132.758714,2019-09-10,15:40,blue,,,,,,,,,,,,
本票,愛媛,松山東,0522,負傷,0,1,37000,対象外,0000,201,昼－昼,晴,市街地－人口集中,舗装－乾燥,単路－その他,環状交差点以外 環状交差点以外をいう。,施設なし,対象外当事者,その他,対象外当事者,その他,単路－5.5m以上,直線－平坦,単路（交差点付近を含む）,規制なし,中央分離なし,区分あり－縁石・ブロック等,車両相互,55～64歳,0～24歳,乗用車－普通車,乗用車－普通車,自家用,自家用,乗用車,乗用車,40㎞／ｈ以下,40㎞／ｈ以下,前-無,後-無,小破,小破,その他,その他,その他,その他,損傷なし,負傷,木,その他,33.849916,132.773344,2019-09-26,10:00,blue,,,,,,,,,,,,
本票,愛媛,松山東,0523,負傷,0,1,37000,対象外,0000,201,昼－昼,晴,市街地－その他,舗装－乾燥,単路－その他,環状交差点以外 環状交差点以外をいう。,施設なし,対象外当事者,その他,対象外当事者,その他,単路－3.5m未満,直線－平坦,その他,規制なし,中央分離なし,区分なし,車両相互,75歳以上,65～74歳,乗用車－普通車,二輪車－原付自転車,自家用,自家用,乗用車,対象外当事者,指定の速度規制なし等,指定の速度規制なし等,後-左後,前-左,小破,小破,その他,対象外当事者,その他,対象外当事者,損傷なし,負傷,金,その他,33.853096,132.741519,2019-10-04,11:40,blue,,,,,,,,,,,,
本票,愛媛,松山東,0524,負傷,0,1,37000,対象外,0000,201,昼－昼,晴,市街地－その他,舗装－乾燥,交差点－その他,環状交差点以外 環状交差点以外をいう。,施設なし,標準－反射式,表示なし,規制なし,表示なし,交差点－小（5.5m未満）－小,直線－平坦,交差点内,規制なし,中央分離なし,区分あり－路側帯,車両相互,25～34歳,0～24歳,乗用車－軽自動車,軽車両－自転車,自家用,対象外当事者,乗用車,対象外当事者,指定の速度規制なし等,対象外当事者,前-無,左-無,小破,小破,その他,対象外当事者,その他,対象外当事者,損傷なし,負傷,火,その他,33.818551,132.754567,2019-09-17,08:15,blue,,,,,,,,,,,,
本票,愛媛,松山東,0525,負傷,0,1,14410,対象外,0000,201,昼－昼,晴,市街地－その他,舗装－乾燥,単路－その他,環状交差点以外 環状交差点以外をいう。,施設なし,対象外当事者,その他,対象外当事者,その他,単路－5.5m以上,直線－平坦,単路（交差点付近を含む）,規制なし,中央線－ペイント,区分あり－路側帯,車両相互,0～24歳,0～24歳,乗用車－軽自動車,二輪車－原付自転車,自家用,自家用,乗用車,対象外当事者,40㎞／ｈ以下,指定の速度規制なし等,左-無,右-無,小破,小破,その他,対象外当事者,その他,対象外当事者,損傷なし,負傷,水,その他,33.824589,132.744682,2019-09-11,08:02,blue,,,,,,,,,,,,
本票,愛媛,松山東,0526,負傷,0,1,01962,下,0000,201,夜－夜,晴,市街地－人口集中,舗装－乾燥,一般交通の場所,環状交差点以外 環状交差点以外をいう。,施設なし,対象外当事者,その他,対象外当事者,その他,一般交通の場所,一般交通の場所,その他,規制なし,一般交通の場所,区分あり－縁石・ブロック等,車両相互,35～44歳,35～44歳,乗用車－中型車,乗用車－軽自動車,自家用,自家用,乗用車,乗用車,50㎞／ｈ以下,50㎞／ｈ以下,後-左後,前-右前,小破,小破,その他,その他,その他,その他,負傷,損傷なし,金,その他,33.832618,132.744135,2019-10-04,21:55,blue,,,,,,,,,,,,
本票,愛媛,松山東,0527,負傷,0,2,00560,下,0000,201,昼－昼,雨,市街地－その他,舗装－湿潤,交差点－その他,環状交差点以外 環状交差点以外をいう。,点灯－３灯式,規制なし,表示なし,規制なし,表示なし,交差点－大（13.0ｍ以上）－大,直線－平坦,交差点内,規制なし,中央分離帯,区分あり－縁石・ブロック等,車両相互,0～24歳,65～74歳,乗用車－普通車,乗用車－普通車,自家用,自家用,乗用車,乗用車,40㎞／ｈ以下,40㎞／ｈ以下,前-無,後-無,小破,小破,その他,その他,その他,その他,損傷なし,負傷,水,その他,33.836819,132.758778,2019-10-02,14:27,blue,,,,,,,,,,,,
本票,愛媛,松山東,0528,負傷,0,1,00560,下,2891,201,昼－暮,晴,市街地－その他,舗装－乾燥,交差点－その他,環状交差点以外 環状交差点以外をいう。,点灯－押ボタン式,規制なし,表示なし,規制なし,表示なし,交差点－小（5.5m未満）－小,直線－平坦,交差点内,規制なし,中央分離帯,区分あり－縁石・ブロック等,車両相互,25～34歳,25～34歳,乗用車－普通車,二輪車－原付自転車,自家用,自家用,乗用車,対象外当事者,指定の速度規制なし等,指定の速度規制なし等,左前-左,前-右,小破,小破,その他,対象外当事者,その他,対象外当事者,損傷なし,負傷,金,その他,33.809780,132.732476,2019-10-04,17:10,blue,,,,,,,,,,,,
本票,愛媛,松山東,0529,負傷,0,1,14210,対象外,0000,201,昼－昼,晴,市街地－人口集中,舗装－乾燥,交差点付近－その他,環状交差点以外 環状交差点以外をいう。,点灯－３灯式,対象外当事者,その他,対象外当事者,その他,単路－9.0m以上,直線－平坦,単路（交差点付近を含む）,規制なし,中央分離なし,区分あり－縁石・ブロック等,車両相互,55～64歳,25～34歳,乗用車－普通車,乗用車－普通車,事業用,自家用,乗用車,乗用車,40㎞／ｈ以下,40㎞／ｈ以下,左後-左,右前-右,小破,小破,その他,その他,その他,その他,損傷なし,負傷,火,その他,33.845125,132.752144,2019-09-10,10:03,blue,,,,,,,,,,,,
本票,愛媛,松山東,0530,負傷,0,1,37000,対象外,0000,201,昼－暮,雨,市街地－人口集中,舗装－湿潤,交差点－その他,環状交差点以外 環状交差点以外をいう。,施設なし,規制なし,表示なし,標準－反射式,表示あり,交差点－小（5.5m未満）－小,直線－平坦,交差点内,規制なし,中央分離なし,区分なし,車両相互,25～34歳,25～34歳,乗用車－軽自動車,軽車両－自転車,自家用,対象外当事者,乗用車,対象外当事者,20㎞／ｈ以下,対象外当事者,右-無,前-無,小破,小破,その他,対象外当事者,その他,対象外当事者,損傷なし,負傷,水,その他,33.837337,132.773186,2019-10-02,17:35,blue,,,,,,,,,,,,
本票,愛媛,松山東,0531,負傷,0,3,37000,対象外,0000,201,昼－昼,晴,市街地－人口集中,舗装－乾燥,単路－カーブ・屈折,環状交差点以外 環状交差点以外をいう。,施設なし,対象外当事者,その他,対象外当事者,その他,単路－5.5m以上,カーブ・屈折－右－上り,単路（交差点付近を含む）,規制なし,中央分離なし,区分あり－縁石・ブロック等,車両相互,55～64歳,35～44歳,乗用車－普通車,乗用車－軽自動車,自家用,自家用,乗用車,乗用車,指定の速度規制なし等,指定の速度規制なし等,前-右前,前-右前,中破,中破,その他,その他,装備あり 作動,装備あり 作動,負傷,負傷,土,その他,33.866566,132.815432,2019-08-17,09:50,blue,,,,,,,,,,,,
本票,愛媛,松山東,0532,負傷,0,1,37000,対象外,0000,201,昼－昼,晴,市街地－その他,舗装－乾燥,交差点－その他,環状交差点以外 環状交差点以外をいう。,施設なし,規制なし,表示なし,標準－反射式,表示なし,交差点－大（13.0ｍ以上）－小,直線－平坦,交差点内,規制なし,中央分離なし,区分あり－路側帯,車両相互,45～54歳,0～24歳,乗用車－普通車,軽車両－自転車,自家用,対象外当事者,乗用車,対象外当事者,指定の速度規制なし等,対象外当事者,左前-無,前-無,小破,小破,その他,対象外当事者,その他,対象外当事者,損傷なし,負傷,火,その他,33.825308,132.747748,2019-10-08,11:35,blue,,,,,,,,,,,,
本票,愛媛,松山東,0533,負傷,0,1,25200,対象外,0000,201,昼－昼,晴,市街地－その他,舗装－乾燥,単路－その他,環状交差点以外 環状交差点以外をいう。,施設なし,対象外当事者,その他,対象外当事者,その他,単路－5.5m以上,直線－平坦,単路（交差点付近を含む）,規制なし,中央線－ペイント,区分あり－縁石・ブロック等,車両相互,45～54歳,55～64歳,貨物車－軽自動車,二輪車－原付自転車,自家用,自家用,貨物車,対象外当事者,40㎞／ｈ以下,指定の速度規制なし等,右-右後,左-前,小破,小破,その他,対象外当事者,その他,対象外当事者,損傷なし,負傷,火,その他,33.853595,132.743909,2019-08-20,15:04,blue,,,,,,,,,,,,
本票,愛媛,松山東,0534,負傷,0,1,37000,対象外,0000,201,昼－昼,曇,市街地－人口集中,舗装－乾燥,交差点－その他,環状交差点以外 環状交差点以外をいう。,施設なし,規制なし,表示なし,標準－反射式,表示あり,交差点－中（5.5m以上）－中,直線－平坦,交差点内,規制なし,中央分離なし,区分あり－縁石・ブロック等,車両相互,45～54歳,0～24歳,乗用車－普通車,乗用車－軽自動車,自家用,自家用,乗用車,乗用車,30㎞／ｈ以下,30㎞／ｈ以下,右-無,前-無,小破,小破,その他,その他,その他,その他,負傷,損傷なし,月,当日,33.835730,132.756894,2019-09-23,08:10,blue,,,,,,,,,,,,
本票,愛媛,松山東,0535,負傷,0,1,37000,対象外,0000,201,夜－夜,曇,市街地－人口集中,舗装－乾燥,単路－その他,環状交差点以外 環状交差点以外をいう。,施設なし,対象外当事者,その他,対象外当事者,その他,単路－5.5m以上,直線－平坦,単路（交差点付近を含む）,規制なし,中央分離なし,区分あり－縁石・ブロック等,車両相互,65～74歳,0～24歳,乗用車－普通車,軽車両－自転車,自家用,対象外当事者,乗用車,対象外当事者,指定の速度規制なし等,対象外当事者,前-無,右-無,小破,小破,その他,対象外当事者,その他,対象外当事者,損傷なし,負傷,月,その他,33.845434,132.753273,2019-10-07,18:56,blue,,,,,,,,,,,,
本票,愛媛,松山東,0536,負傷,0,1,00560,対象外,0000,201,昼－昼,晴,市街地－人口集中,舗装－乾燥,交差点－その他,環状交差点以外 環状交差点以外をいう。,施設なし,規制なし,表示なし,規制なし,表示なし,交差点－中（5.5m以上）－小,直線－平坦,交差点内,規制なし,中央分離帯,区分あり－縁石・ブロック等,車両相互,45～54歳,25～34歳,乗用車－軽自動車,二輪車－原付自転車,自家用,自家用,乗用車,対象外当事者,50㎞／ｈ以下,30㎞／ｈ以下,後-無,後-無,小破,損壊なし,その他,対象外当事者,その他,対象外当事者,損傷なし,負傷,水,その他,33.835847,132.758590,2019-09-04,07:20,blue,,,,,,,,,,,,
本票,愛媛,松山東,0537,負傷,0,1,01960,下,0017,201,昼－昼,曇,市街地－その他,舗装－乾燥,交差点－その他,環状交差点以外 環状交差点以外をいう。,施設なし,標準－反射式,表示なし,規制なし,表示なし,交差点－中（5.5m以上）－小,直線－平坦,交差点内,規制なし,中央分離帯,区分あり－縁石・ブロック等,車両相互,45～54歳,25～34歳,乗用車－軽自動車,軽車両－自転車,自家用,対象外当事者,乗用車,対象外当事者,40㎞／ｈ以下,対象外当事者,左前-前,前-右,小破,小破,その他,対象外当事者,その他,対象外当事者,損傷なし,負傷,火,その他,33.855198,132.758834,2019-10-08,12:06,blue,,,,,,,,,,,,
本票,愛媛,松山東,0538,負傷,0,1,37000,対象外,0000,201,昼－昼,晴,市街地－その他,舗装－乾燥,交差点－その他,環状交差点以外 環状交差点以外をいう。,施設なし,その他,表示なし,規制なし,表示なし,交差点－中（5.5m以上）－中,直線－平坦,交差点内,規制なし,中央線－ペイント,区分あり－縁石・ブロック等,車両相互,75歳以上,0～24歳,乗用車－普通車,軽車両－自転車,自家用,対象外当事者,乗用車,対象外当事者,指定の速度規制なし等,対象外当事者,左前-前,前-右,小破,中破,その他,対象外当事者,その他,対象外当事者,損傷なし,負傷,土,その他,33.847521,132.774300,2019-10-12,07:57,blue,,,,,,,,,,,,
本票,愛媛,松山東,0539,負傷,0,1,01960,上,0055,201,昼－暮,曇,非市街地,舗装－乾燥,単路－カーブ・屈折,環状交差点以外 環状交差点以外をいう。,施設なし,対象外当事者,その他,対象外当事者,その他,単路－5.5m以上,カーブ・屈折－右－下り,単路（交差点付近を含む）,規制なし,中央分離帯,区分あり－縁石・ブロック等,車両相互,0～24歳,55～64歳,乗用車－軽自動車,乗用車－軽自動車,自家用,自家用,乗用車,乗用車,50㎞／ｈ以下,50㎞／ｈ以下,前-左前,後-右後,中破,中破,その他,その他,その他,その他,損傷なし,負傷,金,その他,33.886966,132.754276,2019-10-11,17:30,blue,,,,,,,,,,,,
本票,愛媛,松山東,0540,負傷,0,1,37000,対象外,0000,201,夜－夜,晴,市街地－人口集中,舗装－乾燥,交差点－その他,環状交差点以外 環状交差点以外をいう。,施設なし,規制なし,表示なし,対象外当事者,その他,交差点－中（5.5m以上）－小,直線－平坦,交差点内,規制なし,中央分離なし,区分あり－縁石・ブロック等,人対車両,55～64歳,25～34歳,乗用車－普通車,歩行者,自家用,対象外当事者,乗用車,対象外当事者,40㎞／ｈ以下,対象外当事者,後-無,無-無,小破,対象外当事者,その他,対象外当事者,その他,対象外当事者,損傷なし,負傷,日,前日,33.840381,132.772285,2019-10-13,22:14,blue,,,,,,,,,,,,
本票,愛媛,松山東,0541,負傷,0,1,00560,上,0000,201,夜－夜,晴,市街地－その他,舗装－乾燥,交差点－その他,環状交差点以外 環状交差点以外をいう。,点灯－３灯式,規制なし,表示なし,規制なし,表示なし,交差点－大（13.0ｍ以上）－中,直線－平坦,交差点内,規制なし,中央分離帯,区分あり－縁石・ブロック等,車両相互,0～24歳,0～24歳,乗用車－普通車,二輪車－自動二輪－小型二輪－251～400cc,自家用,自家用,乗用車,対象外当事者,50㎞／ｈ以下,50㎞／ｈ以下,左前-左,前-無,中破,大破,装備あり 作動,対象外当事者,その他,対象外当事者,損傷なし,負傷,木,その他,33.810901,132.733889,2019-10-17,00:19,blue,,,,,,,,,,,,
本票,愛媛,松山東,0542,負傷,0,1,25470,対象外,0000,201,昼－昼,晴,市街地－人口集中,舗装－乾燥,単路－その他,環状交差点以外 環状交差点以外をいう。,施設なし,対象外当事者,その他,対象外当事者,その他,単路－5.5m以上,直線－下り,単路（交差点付近を含む）,規制なし,中央線－ペイント,区分あり－路側帯,車両相互,25～34歳,75歳以上,乗用車－軽自動車,二輪車－原付自転車,自家用,自家用,乗用車,対象外当事者,40㎞／ｈ以下,指定の速度規制なし等,後-無,後-無,小破,小破,その他,対象外当事者,その他,対象外当事者,損傷なし,負傷,月,当日,33.835861,132.780638,2019-10-14,15:10,blue,,,,,,,,,,,,