資料区分,都道府県コード,警察署等コード,本票番号,事故内容,死者数,負傷者数,路線コード,上下線,地点コード,市区町村コード,昼夜,天候,地形,路面状態,道路形状,環状交差点の直径,信号機,一時停止規制　標識（当事者A）,一時停止規制　表示（当事者A）,一時停止規制　標識（当事者B）,一時停止規制　表示（当事者B）,車道幅員,道路線形,衝突地点,ゾーン規制,中央分離帯施設等,歩車道区分,事故類型,年齢（当事者A）,年齢（当事者B）,当事者種別（当事者A）,当事者種別（当事者B）,用途別（当事者A）,用途別（当事者B）,車両形状（当事者A）,車両形状（当事者B）,速度規制（指定のみ）（当事者A）,速度規制（指定のみ）（当事者B）,車両の衝突部位（当事者A）,車両の衝突部位（当事者B）,車両の損壊程度（当事者A）,車両の損壊程度（当事者B）,エアバッグの装備（当事者A）,エアバッグの装備（当事者B）,サイドエアバッグの装備（当事者A）,サイドエアバッグの装備（当事者B）,人身損傷程度（当事者A）,人身損傷程度（当事者B）,曜日(発生年月日),祝日(発生年月日),緯度,経度,発生日,発生時,color,発生地点,道路管理者区分,道路区分,道路構造,曲線半径,縦断勾配,トンネル番号,当事者車両台数,車両単独事故の対象物,臨時速度規制の有無,速度規制（臨時のみ）,トンネル延長距離
本票,愛媛,今治,0292,負傷,0,1,25130,対象外,0000,202,昼－昼,晴,市街地－その他,舗装－乾燥,交差点－その他,環状交差点以外 環状交差点以外をいう。,施設なし,標準－反射式,表示あり,規制なし,表示なし,交差点－中（5.5m以上）－小,直線－平坦,交差点内,規制なし,中央線－ペイント,区分あり－縁石・ブロック等,車両相互,65～74歳,25～34歳,乗用車－普通車,乗用車－普通車,自家用,自家用,乗用車,乗用車,30㎞／ｈ以下,40㎞／ｈ以下,左前-無,左後-無,小破,小破,その他,その他,その他,その他,損傷なし,負傷,金,その他,34.049111,132.989989,2019-11-15,09:18,blue,,,,,,,,,,,,
本票,愛媛,今治,0293,負傷,0,1,01960,上,0478,202,昼－昼,晴,非市街地,舗装－乾燥,単路－その他,環状交差点以外 環状交差点以外をいう。,点灯－３灯式,対象外当事者,その他,対象外当事者,その他,単路－19.5m以上,直線－上り,単路（交差点付近を含む）,規制なし,中央分離帯,区分あり－縁石・ブロック等,車両相互,55～64歳,35～44歳,貨物車－中型車,乗用車－普通車,自家用,自家用,貨物車,乗用車,50㎞／ｈ以下,50㎞／ｈ以下,前-無,後-前,小破,小破,その他,その他,その他,その他,損傷なし,損傷なし,月,その他,34.019372,133.018016,2019-11-18,12:35,blue,,,,,,,,,,,,
本票,愛媛,今治,0294,負傷,0,1,37000,対象外,0000,202,夜－夜,晴,非市街地,舗装－乾燥,単路－その他,環状交差点以外 環状交差点以外をいう。,施設なし,対象外当事者,その他,対象外当事者,その他,単路－5.5m以上,直線－平坦,単路（交差点付近を含む）,規制なし,中央線－ペイント,区分あり－縁石・ブロック等,車両相互,45～54歳,45～54歳,乗用車－普通車,貨物車－軽自動車,自家用,自家用,乗用車,貨物車,40㎞／ｈ以下,40㎞／ｈ以下,前-無,後-無,小破,小破,その他,その他,その他,その他,損傷なし,負傷,木,その他,34.048705,133.009693,2019-11-21,19:15,blue,,,,,,,,,,,,
本票,愛媛,今治,0295,負傷,0,1,14390,対象外,0000,202,夜－暮,曇,非市街地,舗装－湿潤,交差点－その他,環状交差点以外 環状交差点以外をいう。,施設なし,規制なし,表示なし,対象外当事者,その他,交差点－中（5.5m以上）－中,直線－平坦,交差点内,規制なし,中央分離なし,区分あり－縁石・ブロック等,人対車両,65～74歳,75歳以上,貨物車－軽自動車,歩行者,自家用,対象外当事者,貨物車,対象外当事者,40㎞／ｈ以下,対象外当事者,右-無,無-無,小破,対象外当事者,その他,対象外当事者,その他,対象外当事者,損傷なし,負傷,金,前日,34.100718,132.956558,2019-11-22,17:24,blue,,,,,,,,,,,,
本票,愛媛,今治,0296,負傷,0,1,03170,対象外,0000,202,昼－暮,晴,市街地－その他,舗装－乾燥,交差点－その他,環状交差点以外 環状交差点以外をいう。,点灯－３灯式,規制なし,表示なし,規制なし,表示なし,交差点－大（13.0ｍ以上）－大,直線－平坦,交差点内,規制なし,中央線－ペイント,区分あり－縁石・ブロック等,車両相互,55～64歳,75歳以上,二輪車－原付自転車,軽車両－自転車,自家用,対象外当事者,対象外当事者,対象外当事者,指定の速度規制なし等,対象外当事者,前-無,左-無,小破,小破,対象外当事者,対象外当事者,対象外当事者,対象外当事者,損傷なし,負傷,木,その他,34.060836,132.994288,2019-10-31,16:47,blue,,,,,,,,,,,,
本票,愛媛,今治,0297,負傷,0,1,37000,対象外,0000,202,昼－昼,曇,非市街地,舗装－乾燥,単路－その他,環状交差点以外 環状交差点以外をいう。,施設なし,対象外当事者,その他,対象外当事者,その他,単路－5.5m以上,直線－平坦,単路（交差点付近を含む）,規制なし,中央線－ペイント,区分あり－縁石・ブロック等,車両相互,35～44歳,35～44歳,乗用車－普通車,貨物車－軽自動車,自家用,自家用,乗用車,貨物車,40㎞／ｈ以下,40㎞／ｈ以下,前-無,後-無,大破,中破,その他,その他,その他,その他,損傷なし,負傷,金,前日,34.067920,132.990561,2019-11-22,11:00,blue,,,,,,,,,,,,
本票,愛媛,今治,0298,負傷,0,1,01960,下,0267,202,夜－夜,晴,非市街地,舗装－乾燥,単路－その他,環状交差点以外 環状交差点以外をいう。,施設なし,対象外当事者,その他,対象外当事者,その他,単路－5.5m以上,直線－平坦,単路（交差点付近を含む）,規制なし,中央線－ペイント,区分あり－縁石・ブロック等,車両相互,0～24歳,35～44歳,乗用車－普通車,乗用車－軽自動車,自家用,自家用,乗用車,乗用車,40㎞／ｈ以下,40㎞／ｈ以下,左後-無,右前-無,中破,中破,その他,装備あり 作動,その他,その他,負傷,損傷なし,火,その他,34.032344,132.832879,2019-11-19,21:55,blue,,,,,,,,,,,,
本票,愛媛,今治,0299,死亡,1,0,01960,下,0000,202,夜－明,雨,非市街地,舗装－湿潤,単路－その他,環状交差点以外 環状交差点以外をいう。,施設なし,対象外当事者,その他,対象外当事者,その他,単路－5.5m以上,直線－平坦,単路（交差点付近を含む）,規制なし,中央分離なし,区分あり－縁石・ブロック等,人対車両,45～54歳,75歳以上,乗用車－普通車,歩行者,自家用,対象外当事者,乗用車,対象外当事者,50㎞／ｈ以下,対象外当事者,前-無,無-無,中破,対象外当事者,その他,対象外当事者,その他,対象外当事者,損傷なし,死亡,木,その他,34.064180,132.904034,2019-11-28,06:30,red,,,,,,,,,,,,
本票,愛媛,今治,0300,負傷,0,1,03170,下,0000,202,夜－暮,晴,市街地－その他,舗装－乾燥,単路－その他,環状交差点以外 環状交差点以外をいう。,施設なし,対象外当事者,その他,対象外当事者,その他,単路－5.5m以上,直線－平坦,単路（交差点付近を含む）,規制なし,中央線－ペイント,区分あり－縁石・ブロック等,車両相互,25～34歳,25～34歳,乗用車－軽自動車,乗用車－軽自動車,自家用,自家用,乗用車,乗用車,40㎞／ｈ以下,40㎞／ｈ以下,前-無,後-前,小破,小破,その他,その他,その他,その他,損傷なし,負傷,火,その他,34.057165,132.990060,2019-11-26,17:48,blue,,,,,,,,,,,,
本票,愛媛,伯方,0008,負傷,0,1,03170,対象外,0000,202,昼－暮,晴,市街地－その他,舗装－乾燥,単路－カーブ・屈折,環状交差点以外 環状交差点以外をいう。,施設なし,対象外当事者,その他,対象外当事者,その他,単路－5.5m以上,カーブ・屈折－左－平坦,単路（交差点付近を含む）,規制なし,中央線－ペイント,区分あり－縁石・ブロック等,人対車両,45～54歳,0～24歳,貨物車－軽自動車,歩行者,自家用,対象外当事者,貨物車,対象外当事者,50㎞／ｈ以下,対象外当事者,前-無,無-無,小破,対象外当事者,その他,対象外当事者,その他,対象外当事者,損傷なし,負傷,金,その他,34.204573,133.095995,2019-11-08,16:35,blue,,,,,,,,,,,,
本票,愛媛,伯方,0009,負傷,0,1,03170,対象外,0000,202,昼－昼,曇,市街地－その他,舗装－乾燥,交差点－その他,環状交差点以外 環状交差点以外をいう。,施設なし,規制なし,表示なし,規制なし,表示なし,交差点－小（5.5m未満）－小,直線－下り,交差点内,規制なし,中央分離なし,区分なし,車両相互,35～44歳,35～44歳,貨物車－軽自動車,軽車両－自転車,自家用,対象外当事者,貨物車,対象外当事者,指定の速度規制なし等,対象外当事者,前-無,右-無,小破,小破,その他,対象外当事者,その他,対象外当事者,損傷なし,負傷,木,その他,34.213033,133.069042,2019-11-07,12:42,blue,,,,,,,,,,,,
本票,愛媛,伯方,0010,負傷,0,1,25000,対象外,0000,356,夜－暮,晴,非市街地,舗装－乾燥,交差点－その他,環状交差点以外 環状交差点以外をいう。,施設なし,規制なし,表示なし,対象外当事者,その他,交差点－小（5.5m未満）－小,直線－平坦,交差点内,規制なし,中央線－ペイント,区分あり－縁石・ブロック等,人対車両,65～74歳,75歳以上,貨物車－軽自動車,歩行者,自家用,対象外当事者,貨物車,対象外当事者,40㎞／ｈ以下,対象外当事者,左前-無,無-無,小破,対象外当事者,その他,対象外当事者,その他,対象外当事者,損傷なし,負傷,金,その他,34.259299,133.201934,2019-11-15,17:30,blue,,,,,,,,,,,,
本票,愛媛,松山東,0571,負傷,0,1,01960,下,0000,201,昼－昼,晴,市街地－その他,舗装－乾燥,単路－その他,環状交差点以外 環状交差点以外をいう。,施設なし,対象外当事者,その他,対象外当事者,その他,単路－13.0m以上,直線－平坦,単路（交差点付近を含む）,規制なし,中央分離帯,区分あり－縁石・ブロック等,車両相互,25～34歳,0～24歳,軽車両－自転車,軽車両－自転車,対象外当事者,対象外当事者,対象外当事者,対象外当事者,対象外当事者,対象外当事者,前-左,右-無,小破,小破,対象外当事者,対象外当事者,対象外当事者,対象外当事者,損傷なし,負傷,火,その他,33.842494,132.758894,2019-09-17,08:55,blue,,,,,,,,,,,,
本票,愛媛,松山東,0572,負傷,0,1,37000,対象外,0000,201,昼－暮,曇,市街地－人口集中,舗装－乾燥,単路－その他,環状交差点以外 環状交差点以外をいう。,施設なし,対象外当事者,その他,対象外当事者,その他,単路－5.5m以上,直線－平坦,単路（交差点付近を含む）,規制なし,中央分離帯,区分あり－防護柵等,車両相互,45～54歳,65～74歳,乗用車－軽自動車,二輪車－自動二輪－原付二種－51～125cc,自家用,自家用,乗用車,対象外当事者,40㎞／ｈ以下,指定の速度規制なし等,左前-無,右-無,小破,小破,その他,対象外当事者,その他,対象外当事者,損傷なし,負傷,金,その他,33.847520,132.760575,2019-10-11,16:46,blue,,,,,,,,,,,,
本票,愛媛,松山東,0573,負傷,0,1,00560,下,2917,201,夜－夜,雨,市街地－その他,舗装－湿潤,単路－その他,環状交差点以外 環状交差点以外をいう。,施設なし,対象外当事者,その他,対象外当事者,その他,単路－9.0m以上,直線－平坦,その他,規制なし,中央分離帯,区分あり－縁石・ブロック等,車両相互,35～44歳,0～24歳,乗用車－普通車,軽車両－自転車,自家用,対象外当事者,乗用車,対象外当事者,50㎞／ｈ以下,対象外当事者,前-左前,前-右,小破,小破,その他,対象外当事者,その他,対象外当事者,損傷なし,負傷,水,その他,33.823404,132.757144,2019-10-23,19:10,blue,,,,,,,,,,,,
本票,愛媛,松山東,0574,負傷,0,1,99000,対象外,0000,201,昼－昼,晴,非市街地,舗装－乾燥,一般交通の場所,環状交差点以外 環状交差点以外をいう。,施設なし,対象外当事者,その他,対象外当事者,その他,一般交通の場所,一般交通の場所,その他,規制なし,一般交通の場所,区分なし,車両相互,55～64歳,25～34歳,貨物車－準中型車,乗用車－普通車,自家用,自家用,貨物車,乗用車,指定の速度規制なし等,指定の速度規制なし等,右後-後,左-無,小破,小破,その他,その他,その他,その他,損傷なし,負傷,火,その他,33.887513,132.749365,2019-10-29,14:32,blue,,,,,,,,,,,,
本票,愛媛,松山東,0575,負傷,0,1,37000,対象外,0000,201,昼－昼,曇,市街地－その他,舗装－湿潤,単路－その他,環状交差点以外 環状交差点以外をいう。,施設なし,対象外当事者,その他,対象外当事者,その他,単路－5.5m以上,直線－平坦,単路（交差点付近を含む）,規制なし,中央分離なし,区分あり－縁石・ブロック等,車両相互,35～44歳,35～44歳,乗用車－軽自動車,二輪車－原付自転車,自家用,自家用,乗用車,対象外当事者,40㎞／ｈ以下,30㎞／ｈ以下,左-無,右-無,小破,小破,その他,対象外当事者,その他,対象外当事者,損傷なし,負傷,金,その他,33.817700,132.726212,2019-10-25,08:27,blue,,,,,,,,,,,,
本票,愛媛,松山東,0576,負傷,0,1,03170,対象外,0000,201,昼－昼,曇,非市街地,舗装－湿潤,単路－カーブ・屈折,環状交差点以外 環状交差点以外をいう。,施設なし,対象外当事者,その他,対象外当事者,その他,単路－9.0m以上,カーブ・屈折－左－下り,単路（交差点付近を含む）,規制なし,中央線－ペイント,区分なし,車両相互,45～54歳,25～34歳,乗用車－普通車,乗用車－軽自動車,自家用,自家用,乗用車,乗用車,50㎞／ｈ以下,50㎞／ｈ以下,右前-無,前-無,中破,大破,その他,その他,装備あり 作動,その他,負傷,損傷なし,土,その他,33.914297,132.880166,2019-10-19,15:39,blue,,,,,,,,,,,,
本票,愛媛,松山東,0577,負傷,0,1,37000,対象外,0000,201,昼－昼,晴,市街地－人口集中,舗装－乾燥,単路－その他,環状交差点以外 環状交差点以外をいう。,施設なし,対象外当事者,その他,対象外当事者,その他,単路－5.5m以上,直線－平坦,単路（交差点付近を含む）,規制なし,中央線－ペイント,区分あり－路側帯,人対車両,0～24歳,0～24歳,軽車両－自転車,歩行者,対象外当事者,対象外当事者,対象外当事者,対象外当事者,対象外当事者,対象外当事者,右-無,無-無,損壊なし,対象外当事者,対象外当事者,対象外当事者,対象外当事者,対象外当事者,損傷なし,負傷,木,その他,33.833510,132.749678,2019-09-19,16:06,blue,,,,,,,,,,,,
本票,愛媛,松山東,0578,負傷,0,1,37000,対象外,0000,201,昼－昼,晴,市街地－人口集中,舗装－乾燥,交差点付近－その他,環状交差点以外 環状交差点以外をいう。,施設なし,対象外当事者,その他,対象外当事者,その他,単路－5.5m以上,直線－平坦,その他,規制なし,中央分離なし,区分あり－路側帯,車両単独,75歳以上,不明,軽車両－自転車,相手なし,対象外当事者,対象外当事者,対象外当事者,対象外当事者,対象外当事者,対象外当事者,無-無,無-無,小破,対象外当事者,対象外当事者,対象外当事者,対象外当事者,対象外当事者,負傷,対象外当事者,火,その他,33.837398,132.748756,2019-10-15,10:30,blue,,,,,,,,,,,,
本票,愛媛,松山東,0579,負傷,0,1,00110,上,0000,201,昼－昼,晴,市街地－人口集中,舗装－乾燥,単路－その他,環状交差点以外 環状交差点以外をいう。,施設なし,対象外当事者,その他,対象外当事者,その他,単路－13.0m以上,直線－平坦,単路（交差点付近を含む）,規制なし,中央線－ペイント,区分あり－縁石・ブロック等,人対車両,0～24歳,75歳以上,軽車両－自転車,歩行者,対象外当事者,対象外当事者,対象外当事者,対象外当事者,対象外当事者,対象外当事者,前-無,無-無,損壊なし,対象外当事者,対象外当事者,対象外当事者,対象外当事者,対象外当事者,損傷なし,負傷,土,その他,33.840961,132.769224,2019-10-05,11:26,blue,,,,,,,,,,,,
本票,愛媛,松山東,0580,負傷,0,1,37000,対象外,0000,201,昼－昼,晴,非市街地,舗装－乾燥,単路－トンネル,環状交差点以外 環状交差点以外をいう。,施設なし,対象外当事者,その他,対象外当事者,その他,単路－5.5m以上,直線－平坦,単路（交差点付近を含む）,規制なし,中央線－ペイント,区分あり－縁石・ブロック等,車両相互,55～64歳,45～54歳,乗用車－普通車,乗用車－普通車,自家用,自家用,乗用車,乗用車,50㎞／ｈ以下,50㎞／ｈ以下,前-右前,後-左後,小破,小破,その他,その他,その他,その他,損傷なし,負傷,金,その他,33.831787,132.787266,2019-11-01,09:02,blue,,,,,,,,,,,,
本票,愛媛,松山東,0581,負傷,0,1,37000,対象外,0000,201,昼－昼,晴,非市街地,舗装－乾燥,交差点－その他,環状交差点以外 環状交差点以外をいう。,施設なし,標準－反射式,表示あり,規制なし,表示なし,交差点－中（5.5m以上）－小,直線－平坦,交差点内,規制なし,中央分離なし,区分なし,車両相互,75歳以上,55～64歳,乗用車－普通車,乗用車－軽自動車,自家用,自家用,乗用車,乗用車,30㎞／ｈ以下,30㎞／ｈ以下,前-右前,右前-右,中破,中破,その他,その他,その他,その他,損傷なし,負傷,月,当日,33.848722,132.756993,2019-10-14,14:43,blue,,,,,,,,,,,,
本票,愛媛,松山東,0582,負傷,0,1,37000,対象外,0000,201,昼－昼,晴,市街地－人口集中,舗装－乾燥,交差点－その他,環状交差点以外 環状交差点以外をいう。,施設なし,規制なし,表示なし,規制なし,表示なし,交差点－小（5.5m未満）－小,直線－下り,交差点内,規制なし,中央分離なし,区分あり－路側帯,車両相互,0～24歳,0～24歳,貨物車－準中型車,貨物車－普通車,自家用,自家用,貨物車,貨物車,30㎞／ｈ以下,指定の速度規制なし等,左-無,前-無,中破,中破,その他,その他,その他,その他,負傷,損傷なし,月,その他,33.829789,132.794349,2019-10-28,10:05,blue,,,,,,,,,,,,
本票,愛媛,松山東,0583,負傷,0,1,37000,対象外,0000,201,昼－暮,曇,市街地－人口集中,舗装－湿潤,交差点－その他,環状交差点以外 環状交差点以外をいう。,点灯－３灯式,規制なし,表示なし,規制なし,表示なし,交差点－大（13.0ｍ以上）－大,直線－平坦,交差点内,規制なし,中央分離なし,区分あり－縁石・ブロック等,車両相互,75歳以上,0～24歳,貨物車－軽自動車,軽車両－自転車,自家用,対象外当事者,貨物車,対象外当事者,40㎞／ｈ以下,対象外当事者,右前-無,前-無,小破,小破,その他,対象外当事者,その他,対象外当事者,損傷なし,負傷,金,その他,33.854296,132.752117,2019-09-20,17:12,blue,,,,,,,,,,,,
本票,愛媛,松山東,0584,負傷,0,1,37000,対象外,0000,201,昼－昼,晴,市街地－人口集中,舗装－乾燥,交差点－その他,環状交差点以外 環状交差点以外をいう。,点灯－押ボタン式,規制なし,表示なし,規制なし,表示なし,交差点－中（5.5m以上）－小,直線－平坦,交差点内,規制なし,中央線－ペイント,区分あり－縁石・ブロック等,車両相互,35～44歳,25～34歳,乗用車－普通車,軽車両－自転車,自家用,対象外当事者,乗用車,対象外当事者,40㎞／ｈ以下,対象外当事者,左-無,右-無,小破,小破,その他,対象外当事者,その他,対象外当事者,損傷なし,負傷,金,その他,33.851279,132.753417,2019-09-13,08:40,blue,,,,,,,,,,,,
本票,愛媛,松山東,0585,負傷,0,1,01963,上,0000,201,昼－昼,曇,非市街地,舗装－乾燥,単路－その他,環状交差点以外 環状交差点以外をいう。,施設なし,対象外当事者,その他,対象外当事者,その他,単路－13.0m以上,直線－平坦,単路（交差点付近を含む）,規制なし,中央分離帯,区分あり－縁石・ブロック等,車両相互,0～24歳,35～44歳,貨物車－普通車,二輪車－自動二輪－原付二種－51～125cc,自家用,自家用,貨物車,対象外当事者,50㎞／ｈ以下,50㎞／ｈ以下,右前-無,前-無,中破,中破,その他,対象外当事者,その他,対象外当事者,損傷なし,負傷,金,その他,33.885384,132.751899,2019-10-18,11:16,blue,,,,,,,,,,,,
本票,愛媛,松山東,0586,負傷,0,1,00560,上,0000,201,夜－夜,晴,市街地－人口集中,舗装－乾燥,交差点－その他,環状交差点以外 環状交差点以外をいう。,点灯－３灯式,規制なし,表示なし,規制なし,表示なし,交差点－大（13.0ｍ以上）－大,直線－平坦,交差点内,規制なし,中央分離なし,区分あり－縁石・ブロック等,車両相互,25～34歳,25～34歳,乗用車－軽自動車,二輪車－原付自転車,自家用,自家用,乗用車,対象外当事者,50㎞／ｈ以下,指定の速度規制なし等,左-左後,右-後,小破,小破,その他,対象外当事者,その他,対象外当事者,損傷なし,負傷,水,その他,33.815578,132.743296,2019-10-23,01:04,blue,,,,,,,,,,,,
本票,愛媛,松山東,0587,負傷,0,1,00110,下,0000,201,夜－夜,晴,市街地－人口集中,舗装－乾燥,交差点－その他,環状交差点以外 環状交差点以外をいう。,施設なし,規制なし,表示なし,規制なし,表示なし,交差点－大（13.0ｍ以上）－中,直線－平坦,交差点内,規制なし,中央分離帯,区分あり－縁石・ブロック等,車両相互,0～24歳,55～64歳,乗用車－普通車,軽車両－自転車,自家用,対象外当事者,乗用車,対象外当事者,40㎞／ｈ以下,対象外当事者,左後-無,右-無,小破,中破,その他,対象外当事者,その他,対象外当事者,損傷なし,負傷,日,その他,33.839427,132.775170,2019-08-25,23:40,blue,,,,,,,,,,,,
本票,愛媛,松山東,0588,負傷,0,1,37000,対象外,0000,201,昼－昼,雨,市街地－人口集中,舗装－乾燥,交差点－その他,環状交差点以外 環状交差点以外をいう。,施設なし,規制なし,表示なし,規制なし,表示なし,交差点－中（5.5m以上）－小,直線－平坦,交差点内,規制なし,中央分離なし,区分あり－縁石・ブロック等,車両相互,55～64歳,75歳以上,乗用車－軽自動車,軽車両－自転車,自家用,対象外当事者,乗用車,対象外当事者,30㎞／ｈ以下,対象外当事者,右前-無,左-無,小破,小破,その他,対象外当事者,その他,対象外当事者,損傷なし,負傷,土,その他,33.828261,132.759850,2019-10-19,09:45,blue,,,,,,,,,,,,
本票,愛媛,松山東,0589,負傷,0,1,37000,対象外,0000,201,昼－昼,雨,市街地－人口集中,舗装－湿潤,単路－その他,環状交差点以外 環状交差点以外をいう。,施設なし,対象外当事者,その他,対象外当事者,その他,単路－5.5m以上,直線－平坦,単路（交差点付近を含む）,規制なし,中央線－ペイント,区分あり－縁石・ブロック等,車両相互,35～44歳,35～44歳,乗用車－普通車,貨物車－軽自動車,自家用,事業用,乗用車,貨物車,40㎞／ｈ以下,40㎞／ｈ以下,後-無,前-無,小破,小破,その他,その他,その他,その他,負傷,損傷なし,木,その他,33.843634,132.798812,2019-10-24,11:42,blue,,,,,,,,,,,,
本票,愛媛,松山東,0590,負傷,0,1,37070,対象外,0000,201,夜－夜,晴,市街地－人口集中,舗装－乾燥,単路－その他,環状交差点以外 環状交差点以外をいう。,施設なし,対象外当事者,その他,対象外当事者,その他,単路－5.5m以上,直線－平坦,単路（交差点付近を含む）,規制なし,中央分離帯,区分あり－縁石・ブロック等,車両相互,35～44歳,35～44歳,乗用車－普通車,貨物車－軽自動車,自家用,自家用,乗用車,貨物車,40㎞／ｈ以下,40㎞／ｈ以下,左後-前,右前-左前,中破,中破,その他,装備あり 作動,その他,その他,負傷,損傷なし,土,前日,33.847329,132.773734,2019-11-02,22:32,blue,,,,,,,,,,,,
本票,愛媛,松山東,0591,負傷,0,1,25000,対象外,0000,201,夜－暮,晴,市街地－人口集中,舗装－乾燥,交差点－その他,環状交差点以外 環状交差点以外をいう。,施設なし,規制なし,表示なし,規制なし,表示なし,交差点－中（5.5m以上）－中,直線－平坦,交差点内,規制なし,中央線－ペイント,区分あり－路側帯,車両相互,65～74歳,0～24歳,乗用車－軽自動車,二輪車－原付自転車,自家用,自家用,乗用車,対象外当事者,40㎞／ｈ以下,指定の速度規制なし等,左前-無,前-無,小破,小破,その他,対象外当事者,その他,対象外当事者,損傷なし,負傷,木,その他,33.823974,132.791907,2019-11-07,17:53,blue,,,,,,,,,,,,
本票,愛媛,松山東,0592,負傷,0,1,01960,上,0000,201,夜－夜,曇,市街地－人口集中,舗装－乾燥,交差点－その他,環状交差点以外 環状交差点以外をいう。,点灯－３灯式,規制なし,表示なし,規制なし,表示なし,交差点－中（5.5m以上）－小,直線－平坦,交差点内,規制なし,中央線－ペイント,区分あり－縁石・ブロック等,車両相互,35～44歳,45～54歳,乗用車－軽自動車,軽車両－自転車,自家用,対象外当事者,乗用車,対象外当事者,40㎞／ｈ以下,対象外当事者,左前-無,前-無,小破,小破,その他,対象外当事者,その他,対象外当事者,損傷なし,負傷,金,その他,33.856561,132.759256,2019-10-25,18:31,blue,,,,,,,,,,,,
本票,愛媛,松山東,0593,負傷,0,1,37000,対象外,0000,201,昼－昼,晴,市街地－その他,舗装－乾燥,単路－その他,環状交差点以外 環状交差点以外をいう。,施設なし,対象外当事者,その他,対象外当事者,その他,単路－5.5m以上,直線－平坦,単路（交差点付近を含む）,規制なし,中央線－ペイント,区分あり－縁石・ブロック等,車両相互,65～74歳,0～24歳,乗用車－軽自動車,軽車両－自転車,自家用,対象外当事者,乗用車,対象外当事者,40㎞／ｈ以下,対象外当事者,右前-無,右-無,小破,小破,その他,対象外当事者,その他,対象外当事者,損傷なし,負傷,日,前日,33.851208,132.749686,2019-10-13,08:05,blue,,,,,,,,,,,,
本票,愛媛,松山東,0594,負傷,0,1,37000,対象外,0000,201,昼－昼,晴,市街地－人口集中,舗装－乾燥,単路－その他,環状交差点以外 環状交差点以外をいう。,点灯－３灯式,対象外当事者,その他,対象外当事者,その他,単路－5.5m以上,直線－平坦,その他,規制なし,中央線－ペイント,区分あり－路側帯,人対車両,65～74歳,35～44歳,乗用車－軽自動車,歩行者,自家用,対象外当事者,乗用車,対象外当事者,30㎞／ｈ以下,対象外当事者,左-無,無-無,小破,対象外当事者,その他,対象外当事者,その他,対象外当事者,損傷なし,負傷,火,その他,33.830126,132.772676,2019-10-29,14:25,blue,,,,,,,,,,,,
本票,愛媛,松山東,0595,負傷,0,1,25150,対象外,0000,201,昼－明,晴,市街地－人口集中,舗装－乾燥,単路－その他,環状交差点以外 環状交差点以外をいう。,施設なし,対象外当事者,その他,対象外当事者,その他,単路－3.5m以上,直線－平坦,単路（交差点付近を含む）,規制なし,中央分離なし,区分あり－路側帯,人対車両,0～24歳,55～64歳,乗用車－軽自動車,歩行者,自家用,対象外当事者,乗用車,対象外当事者,30㎞／ｈ以下,対象外当事者,左-無,無-無,小破,対象外当事者,その他,対象外当事者,その他,対象外当事者,損傷なし,負傷,水,その他,33.852754,132.783519,2019-11-06,06:42,blue,,,,,,,,,,,,
本票,愛媛,松山東,0596,負傷,0,2,25000,対象外,0000,201,夜－夜,晴,市街地－人口集中,舗装－乾燥,交差点－その他,環状交差点以外 環状交差点以外をいう。,点灯－３灯式,規制なし,表示なし,規制なし,表示なし,交差点－中（5.5m以上）－中,直線－平坦,交差点内,規制なし,中央線－ペイント,区分あり－縁石・ブロック等,車両相互,25～34歳,65～74歳,乗用車－普通車,乗用車－普通車,自家用,事業用,乗用車,乗用車,50㎞／ｈ以下,50㎞／ｈ以下,前-無,後-無,小破,小破,その他,その他,その他,その他,損傷なし,負傷,日,その他,33.841574,132.777841,2019-11-10,23:15,blue,,,,,,,,,,,,
本票,愛媛,松山東,0597,負傷,0,1,37000,対象外,0000,201,夜－暮,晴,市街地－その他,舗装－乾燥,交差点－その他,環状交差点以外 環状交差点以外をいう。,施設なし,規制なし,表示なし,標準－反射式,表示なし,交差点－小（5.5m未満）－小,直線－平坦,交差点内,規制なし,中央分離なし,区分なし,車両相互,45～54歳,0～24歳,乗用車－普通車,軽車両－自転車,自家用,対象外当事者,乗用車,対象外当事者,指定の速度規制なし等,対象外当事者,左前-無,前-無,小破,大破,その他,対象外当事者,その他,対象外当事者,損傷なし,負傷,火,その他,33.816497,132.747669,2019-11-05,17:20,blue,,,,,,,,,,,,
本票,愛媛,松山東,0598,負傷,0,1,25470,対象外,0000,201,昼－昼,晴,市街地－人口集中,舗装－乾燥,交差点付近－その他,環状交差点以外 環状交差点以外をいう。,点灯－３灯式,対象外当事者,その他,対象外当事者,その他,単路－9.0m以上,直線－平坦,単路（交差点付近を含む）,規制なし,中央線－ペイント,区分あり－縁石・ブロック等,車両相互,65～74歳,75歳以上,貨物車－普通車,二輪車－原付自転車,自家用,自家用,貨物車,対象外当事者,40㎞／ｈ以下,指定の速度規制なし等,左-無,右-無,小破,中破,その他,対象外当事者,その他,対象外当事者,損傷なし,負傷,火,その他,33.838292,132.779382,2019-11-05,09:31,blue,,,,,,,,,,,,