資料区分,都道府県コード,警察署等コード,本票番号,事故内容,死者数,負傷者数,路線コード,上下線,地点コード,市区町村コード,昼夜,天候,地形,路面状態,道路形状,環状交差点の直径,信号機,一時停止規制　標識（当事者A）,一時停止規制　表示（当事者A）,一時停止規制　標識（当事者B）,一時停止規制　表示（当事者B）,車道幅員,道路線形,衝突地点,ゾーン規制,中央分離帯施設等,歩車道区分,事故類型,年齢（当事者A）,年齢（当事者B）,当事者種別（当事者A）,当事者種別（当事者B）,用途別（当事者A）,用途別（当事者B）,車両形状（当事者A）,車両形状（当事者B）,速度規制（指定のみ）（当事者A）,速度規制（指定のみ）（当事者B）,車両の衝突部位（当事者A）,車両の衝突部位（当事者B）,車両の損壊程度（当事者A）,車両の損壊程度（当事者B）,エアバッグの装備（当事者A）,エアバッグの装備（当事者B）,サイドエアバッグの装備（当事者A）,サイドエアバッグの装備（当事者B）,人身損傷程度（当事者A）,人身損傷程度（当事者B）,曜日(発生年月日),祝日(発生年月日),緯度,経度,発生日,発生時,color,発生地点,道路管理者区分,道路区分,道路構造,曲線半径,縦断勾配,トンネル番号,当事者車両台数,車両単独事故の対象物,臨時速度規制の有無,速度規制（臨時のみ）,トンネル延長距離
本票,愛媛,伊予,0084,負傷,0,1,14230,対象外,0000,210,昼－昼,晴,市街地－その他,舗装－乾燥,単路－カーブ・屈折,環状交差点以外 環状交差点以外をいう。,施設なし,対象外当事者,その他,対象外当事者,その他,単路－5.5m以上,カーブ・屈折－左－平坦,その他,規制なし,中央線－ペイント,区分あり－縁石・ブロック等,車両相互,55～64歳,0～24歳,乗用車－軽自動車,二輪車－原付自転車,事業用,自家用,乗用車,対象外当事者,50㎞／ｈ以下,指定の速度規制なし等,左-無,右-無,小破,小破,その他,対象外当事者,その他,対象外当事者,損傷なし,負傷,金,その他,33.771485,132.728688,2019-11-01,15:37,blue,,,,,,,,,,,,
本票,愛媛,伊予,0085,負傷,0,1,25530,対象外,0000,401,昼－昼,晴,非市街地,舗装－乾燥,交差点－その他,環状交差点以外 環状交差点以外をいう。,施設なし,規制なし,表示なし,規制なし,表示なし,交差点－中（5.5m以上）－小,直線－平坦,交差点内,規制なし,中央線－ペイント,区分あり－縁石・ブロック等,車両相互,75歳以上,75歳以上,乗用車－普通車,軽車両－自転車,自家用,対象外当事者,乗用車,対象外当事者,40㎞／ｈ以下,対象外当事者,右-無,前-無,小破,小破,その他,対象外当事者,その他,対象外当事者,損傷なし,負傷,水,その他,33.780733,132.727728,2019-11-06,15:06,blue,,,,,,,,,,,,
本票,愛媛,伊予,0086,負傷,0,1,00560,下,2870,401,夜－夜,晴,非市街地,舗装－乾燥,交差点－その他,環状交差点以外 環状交差点以外をいう。,施設なし,規制なし,表示なし,規制なし,表示なし,交差点－中（5.5m以上）－中,直線－平坦,交差点内,規制なし,中央分離帯,区分あり－縁石・ブロック等,車両相互,35～44歳,35～44歳,乗用車－軽自動車,軽車両－自転車,自家用,対象外当事者,乗用車,対象外当事者,指定の速度規制なし等,対象外当事者,前-無,右-無,小破,小破,その他,対象外当事者,その他,対象外当事者,損傷なし,負傷,木,その他,33.792651,132.721759,2019-10-31,18:25,blue,,,,,,,,,,,,
本票,愛媛,伊予,0087,負傷,0,1,37000,対象外,0000,210,夜－暮,晴,非市街地,舗装－乾燥,交差点付近－その他,環状交差点以外 環状交差点以外をいう。,施設なし,対象外当事者,その他,対象外当事者,その他,単路－3.5m以上,直線－平坦,単路（交差点付近を含む）,規制なし,中央分離なし,区分あり－路側帯,車両相互,65～74歳,25～34歳,乗用車－普通車,乗用車－普通車,自家用,自家用,乗用車,乗用車,指定の速度規制なし等,指定の速度規制なし等,前-無,後-無,小破,小破,その他,その他,その他,その他,損傷なし,負傷,水,その他,33.786175,132.765471,2019-11-20,17:40,blue,,,,,,,,,,,,
本票,愛媛,伊予,0088,負傷,0,1,37000,対象外,0000,401,夜－夜,晴,市街地－その他,舗装－乾燥,交差点付近－その他,環状交差点以外 環状交差点以外をいう。,点灯－３灯式,対象外当事者,その他,対象外当事者,その他,単路－9.0m以上,直線－平坦,単路（交差点付近を含む）,規制なし,中央線－ペイント,区分あり－縁石・ブロック等,車両相互,35～44歳,45～54歳,乗用車－普通車,乗用車－軽自動車,自家用,自家用,乗用車,乗用車,指定の速度規制なし等,指定の速度規制なし等,前-無,後-無,小破,小破,その他,その他,その他,その他,損傷なし,負傷,土,その他,33.790200,132.719089,2019-11-16,18:15,blue,,,,,,,,,,,,
本票,愛媛,大洲,0068,負傷,0,1,00560,上,0000,207,昼－昼,晴,市街地－その他,舗装－乾燥,単路－その他,環状交差点以外 環状交差点以外をいう。,施設なし,対象外当事者,その他,対象外当事者,その他,単路－9.0m以上,直線－平坦,単路（交差点付近を含む）,規制なし,中央分離なし,区分あり－縁石・ブロック等,車両相互,65～74歳,0～24歳,乗用車－普通車,軽車両－自転車,自家用,対象外当事者,乗用車,対象外当事者,40㎞／ｈ以下,対象外当事者,左前-無,右-無,小破,小破,その他,対象外当事者,その他,対象外当事者,損傷なし,負傷,火,その他,33.518822,132.550192,2019-11-05,08:23,blue,,,,,,,,,,,,
本票,愛媛,大洲,0069,負傷,0,1,37000,対象外,0000,207,昼－昼,曇,市街地－人口集中,舗装－乾燥,交差点－その他,環状交差点以外 環状交差点以外をいう。,施設なし,標準－反射式,表示あり,規制なし,表示なし,交差点－中（5.5m以上）－中,直線－平坦,交差点内,規制なし,中央線－ペイント,区分あり－防護柵等,車両相互,45～54歳,0～24歳,乗用車－普通車,軽車両－自転車,自家用,対象外当事者,乗用車,対象外当事者,指定の速度規制なし等,対象外当事者,右前-無,左-無,小破,小破,その他,対象外当事者,その他,対象外当事者,損傷なし,負傷,水,その他,33.516291,132.554584,2019-10-23,07:42,blue,,,,,,,,,,,,
本票,愛媛,大洲,0070,負傷,0,1,00560,下,2527,422,昼－昼,晴,市街地－その他,舗装－乾燥,単路－その他,環状交差点以外 環状交差点以外をいう。,点灯－３灯式,対象外当事者,その他,対象外当事者,その他,単路－9.0m以上,直線－平坦,単路（交差点付近を含む）,規制なし,中央分離帯,区分あり－縁石・ブロック等,車両相互,65～74歳,35～44歳,乗用車－軽自動車,貨物車－軽自動車,自家用,自家用,乗用車,貨物車,40㎞／ｈ以下,40㎞／ｈ以下,前-無,後-無,中破,小破,装備あり 作動,その他,その他,その他,損傷なし,負傷,土,前日,33.545884,132.649726,2019-11-02,08:30,blue,,,,,,,,,,,,
本票,愛媛,大洲,0071,負傷,0,1,37000,対象外,0000,207,昼－暮,晴,非市街地,舗装－乾燥,交差点－その他,環状交差点以外 環状交差点以外をいう。,施設なし,規制なし,表示なし,標準－反射式,表示あり,交差点－大（13.0ｍ以上）－小,直線－平坦,交差点内,規制なし,中央分離なし,区分なし,車両相互,35～44歳,75歳以上,乗用車－軽自動車,貨物車－軽自動車,自家用,自家用,乗用車,貨物車,指定の速度規制なし等,指定の速度規制なし等,右後-無,前-無,中破,小破,その他,その他,その他,その他,負傷,損傷なし,月,当日,33.534225,132.586037,2019-11-04,16:29,blue,,,,,,,,,,,,
本票,愛媛,大洲,0072,負傷,0,1,99000,対象外,0000,422,夜－夜,晴,非市街地,舗装－乾燥,一般交通の場所,環状交差点以外 環状交差点以外をいう。,施設なし,対象外当事者,その他,対象外当事者,その他,一般交通の場所,一般交通の場所,その他,規制なし,一般交通の場所,区分なし,車両相互,45～54歳,55～64歳,貨物車－軽自動車,二輪車－原付自転車,自家用,自家用,貨物車,対象外当事者,指定の速度規制なし等,指定の速度規制なし等,後-無,左-無,小破,小破,その他,対象外当事者,その他,対象外当事者,損傷なし,負傷,金,その他,33.552141,132.655535,2019-11-08,18:24,blue,,,,,,,,,,,,
本票,愛媛,大洲,0073,負傷,0,1,14470,対象外,0000,207,昼－昼,晴,非市街地,舗装－乾燥,単路－その他,環状交差点以外 環状交差点以外をいう。,施設なし,対象外当事者,その他,対象外当事者,その他,単路－5.5m以上,直線－平坦,単路（交差点付近を含む）,規制なし,中央分離なし,区分あり－縁石・ブロック等,車両相互,55～64歳,55～64歳,乗用車－普通車,二輪車－原付自転車,自家用,自家用,乗用車,対象外当事者,40㎞／ｈ以下,指定の速度規制なし等,左-無,右-無,小破,小破,その他,対象外当事者,その他,対象外当事者,損傷なし,負傷,金,その他,33.524009,132.546593,2019-11-15,08:58,blue,,,,,,,,,,,,
本票,愛媛,大洲,0074,負傷,0,1,03780,下,0000,207,夜－暮,晴,非市街地,舗装－乾燥,単路－その他,環状交差点以外 環状交差点以外をいう。,施設なし,対象外当事者,その他,対象外当事者,その他,単路－3.5m未満,直線－平坦,単路（交差点付近を含む）,規制なし,中央分離なし,区分あり－縁石・ブロック等,車両相互,45～54歳,45～54歳,乗用車－普通車,乗用車－軽自動車,自家用,自家用,乗用車,乗用車,50㎞／ｈ以下,50㎞／ｈ以下,後-無,前-無,中破,小破,装備あり 作動,装備あり 作動,その他,その他,負傷,損傷なし,火,その他,33.621595,132.499638,2019-11-19,17:30,blue,,,,,,,,,,,,
本票,愛媛,大洲,0075,負傷,0,1,03790,上,0000,422,昼－昼,雨,非市街地,舗装－湿潤,単路－その他,環状交差点以外 環状交差点以外をいう。,施設なし,対象外当事者,その他,対象外当事者,その他,単路－3.5m以上,直線－平坦,単路（交差点付近を含む）,規制なし,中央線－ペイント,区分あり－路側帯,車両相互,35～44歳,75歳以上,乗用車－普通車,乗用車－軽自動車,自家用,自家用,乗用車,乗用車,50㎞／ｈ以下,50㎞／ｈ以下,右前-無,左前-無,小破,中破,その他,その他,装備あり 作動,その他,負傷,損傷なし,月,その他,33.572815,132.689811,2019-11-18,15:15,blue,,,,,,,,,,,,
本票,愛媛,八幡浜,0032,負傷,0,1,03780,対象外,0000,204,昼－昼,曇,市街地－人口集中,舗装－湿潤,単路－その他,環状交差点以外 環状交差点以外をいう。,施設なし,対象外当事者,その他,対象外当事者,その他,単路－5.5m以上,直線－平坦,単路（交差点付近を含む）,規制なし,中央線－ペイント,区分あり－縁石・ブロック等,車両単独,75歳以上,不明,乗用車－軽自動車,物件等,自家用,対象外当事者,乗用車,対象外当事者,40㎞／ｈ以下,対象外当事者,前-無,無-無,大破,対象外当事者,装備あり 作動,対象外当事者,装備あり 作動,対象外当事者,負傷,対象外当事者,土,その他,33.456035,132.431601,2019-10-19,16:22,blue,,,,,,,,,,,,
本票,愛媛,八幡浜,0033,負傷,0,1,37000,対象外,0000,204,昼－昼,晴,非市街地,舗装－乾燥,交差点－その他,環状交差点以外 環状交差点以外をいう。,施設なし,規制なし,表示なし,規制なし,表示なし,交差点－小（5.5m未満）－小,直線－上り,交差点内,規制なし,中央分離なし,区分なし,車両相互,0～24歳,25～34歳,乗用車－軽自動車,二輪車－原付自転車,自家用,自家用,乗用車,対象外当事者,指定の速度規制なし等,指定の速度規制なし等,前-無,前-左,小破,小破,その他,対象外当事者,その他,対象外当事者,損傷なし,負傷,金,その他,33.481691,132.400249,2019-11-01,08:16,blue,,,,,,,,,,,,
本票,愛媛,八幡浜,0034,負傷,0,2,01970,対象外,0000,204,昼－昼,晴,非市街地,舗装－乾燥,単路－トンネル,環状交差点以外 環状交差点以外をいう。,施設なし,対象外当事者,その他,対象外当事者,その他,単路－5.5m以上,カーブ・屈折－右－平坦,単路（交差点付近を含む）,規制なし,中央線－ペイント,区分あり－縁石・ブロック等,車両相互,75歳以上,0～24歳,乗用車－普通車,乗用車－普通車,自家用,自家用,乗用車,乗用車,50㎞／ｈ以下,50㎞／ｈ以下,右前-無,右前-後,中破,中破,装備あり 作動,装備あり 作動,装備あり 作動,装備あり 作動,負傷,負傷,火,その他,33.466184,132.486824,2019-11-12,15:30,blue,,,,,,,,,,,,
本票,愛媛,西予,0036,負傷,0,1,14110,対象外,0000,214,夜－暮,晴,市街地－人口集中,舗装－乾燥,交差点－その他,環状交差点以外 環状交差点以外をいう。,施設なし,標準－反射式,表示なし,規制なし,表示なし,交差点－中（5.5m以上）－小,直線－平坦,交差点内,規制なし,中央線－ペイント,区分あり－縁石・ブロック等,車両相互,0～24歳,35～44歳,乗用車－軽自動車,乗用車－軽自動車,自家用,自家用,乗用車,乗用車,指定の速度規制なし等,50㎞／ｈ以下,右前-無,左前-無,小破,小破,その他,その他,その他,その他,損傷なし,負傷,火,その他,33.383803,132.502141,2019-10-29,17:20,blue,,,,,,,,,,,,
本票,愛媛,西予,0037,負傷,0,1,25000,対象外,0000,214,昼－昼,晴,非市街地,舗装－乾燥,単路－その他,環状交差点以外 環状交差点以外をいう。,施設なし,対象外当事者,その他,対象外当事者,その他,単路－5.5m以上,直線－上り,単路（交差点付近を含む）,規制なし,中央線－ペイント,区分あり－縁石・ブロック等,車両単独,0～24歳,不明,軽車両－自転車,相手なし,対象外当事者,対象外当事者,対象外当事者,対象外当事者,対象外当事者,対象外当事者,右-無,無-無,小破,対象外当事者,対象外当事者,対象外当事者,対象外当事者,対象外当事者,負傷,対象外当事者,月,当日,33.391093,132.531818,2019-11-04,13:30,blue,,,,,,,,,,,,
本票,愛媛,西予,0038,負傷,0,1,37000,対象外,0000,214,夜－暮,晴,市街地－その他,舗装－乾燥,交差点－その他,環状交差点以外 環状交差点以外をいう。,点灯－３灯式,規制なし,表示なし,規制なし,表示なし,交差点－中（5.5m以上）－中,直線－平坦,交差点内,規制なし,中央線－ペイント,区分あり－縁石・ブロック等,車両相互,55～64歳,35～44歳,貨物車－軽自動車,軽車両－自転車,自家用,対象外当事者,貨物車,対象外当事者,指定の速度規制なし等,対象外当事者,左前-無,前-無,小破,小破,その他,対象外当事者,その他,対象外当事者,損傷なし,負傷,金,その他,33.363670,132.510475,2019-11-15,17:55,blue,,,,,,,,,,,,
本票,愛媛,西予,0039,負傷,0,2,00560,上,0000,214,夜－夜,晴,市街地－その他,舗装－乾燥,単路－その他,環状交差点以外 環状交差点以外をいう。,施設なし,対象外当事者,その他,対象外当事者,その他,単路－5.5m以上,直線－平坦,単路（交差点付近を含む）,規制なし,中央線－ペイント,区分あり－縁石・ブロック等,車両相互,25～34歳,35～44歳,乗用車－普通車,乗用車－普通車,自家用,自家用,乗用車,乗用車,50㎞／ｈ以下,50㎞／ｈ以下,前-無,後-無,小破,小破,その他,その他,その他,その他,損傷なし,負傷,金,前日,33.374048,132.505118,2019-11-22,18:57,blue,,,,,,,,,,,,
本票,愛媛,宇和島,0102,負傷,0,1,37000,対象外,0000,203,昼－昼,雨,非市街地,舗装－湿潤,交差点－その他,環状交差点以外 環状交差点以外をいう。,施設なし,規制なし,表示なし,標準－反射式,表示あり,交差点－小（5.5m未満）－小,直線－平坦,交差点内,規制なし,中央分離なし,区分なし,車両相互,0～24歳,55～64歳,乗用車－普通車,乗用車－軽自動車,自家用,自家用,乗用車,乗用車,30㎞／ｈ以下,30㎞／ｈ以下,右後-無,左前-無,小破,小破,その他,その他,その他,その他,負傷,損傷なし,火,その他,33.122766,132.511219,2019-10-29,08:04,blue,,,,,,,,,,,,
本票,愛媛,宇和島,0103,負傷,0,1,99000,対象外,0000,203,昼－昼,晴,市街地－その他,舗装－乾燥,一般交通の場所,環状交差点以外 環状交差点以外をいう。,施設なし,対象外当事者,その他,対象外当事者,その他,一般交通の場所,一般交通の場所,その他,規制なし,一般交通の場所,区分なし,車両相互,25～34歳,65～74歳,乗用車－軽自動車,二輪車－原付自転車,自家用,自家用,乗用車,対象外当事者,指定の速度規制なし等,指定の速度規制なし等,後-無,前-無,小破,小破,その他,対象外当事者,その他,対象外当事者,損傷なし,負傷,水,その他,33.236936,132.569819,2019-11-06,09:54,blue,,,,,,,,,,,,
本票,愛媛,宇和島,0104,負傷,0,1,00560,上,0000,203,昼－昼,晴,非市街地,舗装－乾燥,単路－カーブ・屈折,環状交差点以外 環状交差点以外をいう。,施設なし,対象外当事者,その他,対象外当事者,その他,単路－5.5m以上,カーブ・屈折－右－平坦,単路（交差点付近を含む）,規制なし,中央線－ペイント,区分あり－縁石・ブロック等,車両単独,75歳以上,不明,乗用車－軽自動車,物件等,自家用,対象外当事者,乗用車,対象外当事者,50㎞／ｈ以下,対象外当事者,前-無,無-無,大破,対象外当事者,装備あり 作動,対象外当事者,装備あり 作動,対象外当事者,負傷,対象外当事者,水,その他,33.253983,132.573964,2019-10-23,13:20,blue,,,,,,,,,,,,
本票,愛媛,宇和島,0105,負傷,0,1,37000,対象外,0000,203,昼－昼,晴,非市街地,舗装－乾燥,交差点－その他,環状交差点以外 環状交差点以外をいう。,施設なし,標準－反射式,表示あり,規制なし,表示なし,交差点－小（5.5m未満）－小,直線－平坦,交差点内,規制なし,中央分離なし,区分なし,車両相互,55～64歳,35～44歳,乗用車－軽自動車,乗用車－軽自動車,自家用,自家用,乗用車,乗用車,指定の速度規制なし等,指定の速度規制なし等,左前-無,左後-無,小破,小破,その他,その他,その他,その他,損傷なし,負傷,木,その他,33.207422,132.551167,2019-10-31,13:50,blue,,,,,,,,,,,,
本票,愛媛,宇和島,0107,死亡,1,0,37000,対象外,0000,203,昼－昼,晴,非市街地,舗装－乾燥,交差点－その他,環状交差点以外 環状交差点以外をいう。,施設なし,規制なし,表示なし,対象外当事者,その他,交差点－小（5.5m未満）－小,直線－平坦,交差点内,規制なし,中央分離なし,区分なし,人対車両,25～34歳,75歳以上,乗用車－軽自動車,歩行者,自家用,対象外当事者,乗用車,対象外当事者,30㎞／ｈ以下,対象外当事者,左前-左,無-無,小破,対象外当事者,その他,対象外当事者,その他,対象外当事者,損傷なし,死亡,月,その他,33.230189,132.567722,2019-11-11,08:50,red,,,,,,,,,,,,
本票,愛媛,宇和島,0108,負傷,0,1,03200,対象外,0000,203,昼－昼,晴,市街地－その他,舗装－乾燥,交差点付近－その他,環状交差点以外 環状交差点以外をいう。,施設なし,対象外当事者,その他,対象外当事者,その他,単路－13.0m以上,直線－平坦,単路（交差点付近を含む）,規制なし,中央線－ペイント,区分あり－縁石・ブロック等,車両相互,0～24歳,45～54歳,乗用車－普通車,乗用車－軽自動車,自家用,自家用,乗用車,乗用車,40㎞／ｈ以下,40㎞／ｈ以下,後-無,前-無,小破,小破,その他,装備あり 作動,その他,その他,負傷,損傷なし,日,その他,33.223546,132.562773,2019-11-10,13:18,blue,,,,,,,,,,,,
本票,愛媛,宇和島,0109,負傷,0,1,03200,対象外,0000,488,夜－夜,晴,非市街地,舗装－乾燥,単路－その他,環状交差点以外 環状交差点以外をいう。,施設なし,対象外当事者,その他,対象外当事者,その他,単路－5.5m以上,直線－平坦,単路（交差点付近を含む）,規制なし,中央線－ペイント,区分あり－縁石・ブロック等,車両相互,35～44歳,75歳以上,貨物車－軽自動車,軽車両－自転車,自家用,対象外当事者,貨物車,対象外当事者,50㎞／ｈ以下,対象外当事者,左前-無,後-無,小破,中破,その他,対象外当事者,その他,対象外当事者,損傷なし,負傷,火,当日,33.330184,132.797544,2019-10-22,04:20,blue,,,,,,,,,,,,
本票,愛媛,宇和島,0110,負傷,0,1,37000,対象外,0000,203,昼－昼,晴,非市街地,舗装－乾燥,交差点－その他,環状交差点以外 環状交差点以外をいう。,施設なし,規制なし,表示なし,規制なし,表示あり,交差点－中（5.5m以上）－小,直線－平坦,交差点内,規制なし,中央分離なし,区分あり－路側帯,車両相互,75歳以上,65～74歳,乗用車－普通車,二輪車－原付自転車,自家用,自家用,乗用車,対象外当事者,30㎞／ｈ以下,指定の速度規制なし等,右前-無,後-無,小破,小破,その他,対象外当事者,その他,対象外当事者,損傷なし,負傷,木,その他,33.235024,132.578461,2019-11-14,08:16,blue,,,,,,,,,,,,
本票,愛媛,宇和島,0111,負傷,0,1,00560,上,0000,203,昼－昼,雨,市街地－その他,舗装－湿潤,単路－その他,環状交差点以外 環状交差点以外をいう。,点灯－３灯式,対象外当事者,その他,対象外当事者,その他,単路－3.5m未満,直線－平坦,単路（交差点付近を含む）,規制なし,中央線－ペイント,区分あり－縁石・ブロック等,車両相互,35～44歳,65～74歳,乗用車－軽自動車,貨物車－軽自動車,自家用,自家用,乗用車,貨物車,50㎞／ｈ以下,50㎞／ｈ以下,後-無,前-無,小破,小破,その他,その他,その他,その他,負傷,損傷なし,日,その他,33.132179,132.523885,2019-11-24,12:10,blue,,,,,,,,,,,,
本票,愛媛,愛南,0018,負傷,0,1,25000,対象外,0000,506,昼－昼,晴,市街地－その他,舗装－乾燥,単路－カーブ・屈折,環状交差点以外 環状交差点以外をいう。,施設なし,対象外当事者,その他,対象外当事者,その他,単路－5.5m以上,カーブ・屈折－右－上り,単路（交差点付近を含む）,規制なし,中央分離なし,区分あり－路側帯,車両相互,35～44歳,0～24歳,貨物車－大型車,乗用車－軽自動車,事業用,自家用,貨物車,乗用車,指定の速度規制なし等,指定の速度規制なし等,右前-無,右前-無,中破,大破,その他,装備あり 作動,その他,その他,損傷なし,負傷,火,その他,32.962881,132.533940,2019-10-29,13:10,blue,,,,,,,,,,,,
本票,愛媛,松山南,0379,負傷,0,2,00110,上,2233,215,夜－夜,晴,市街地－人口集中,舗装－乾燥,単路－その他,環状交差点以外 環状交差点以外をいう。,施設なし,対象外当事者,その他,対象外当事者,その他,単路－13.0m以上,直線－平坦,単路（交差点付近を含む）,規制なし,中央分離帯,区分あり－縁石・ブロック等,車両相互,25～34歳,35～44歳,乗用車－普通車,乗用車－軽自動車,自家用,自家用,乗用車,乗用車,60㎞／ｈ以下,60㎞／ｈ以下,後-無,前-左前,小破,小破,その他,その他,その他,その他,負傷,損傷なし,日,その他,33.803992,132.893365,2019-10-27,23:05,blue,,,,,,,,,,,,
本票,愛媛,松山南,0380,負傷,0,1,25190,対象外,0000,201,昼－昼,雨,非市街地,舗装－湿潤,単路－その他,環状交差点以外 環状交差点以外をいう。,施設なし,対象外当事者,その他,対象外当事者,その他,単路－5.5m以上,直線－平坦,単路（交差点付近を含む）,規制なし,中央分離なし,区分あり－路側帯,車両相互,65～74歳,65～74歳,乗用車－普通車,乗用車－軽自動車,自家用,自家用,乗用車,乗用車,30㎞／ｈ以下,30㎞／ｈ以下,後-無,前-無,小破,小破,その他,装備あり 作動,その他,その他,負傷,損傷なし,土,その他,33.791474,132.788198,2019-10-19,12:30,blue,,,,,,,,,,,,
本票,愛媛,松山南,0381,死亡,1,0,00330,下,1129,402,昼－昼,晴,非市街地,舗装－乾燥,単路－その他,環状交差点以外 環状交差点以外をいう。,施設なし,対象外当事者,その他,対象外当事者,その他,単路－13.0m以上,直線－平坦,単路（交差点付近を含む）,規制なし,中央分離帯,区分あり－路側帯,車両単独,55～64歳,不明,二輪車－自動二輪－原付二種－51～125cc,物件等,自家用,対象外当事者,対象外当事者,対象外当事者,指定の速度規制なし等,対象外当事者,前-左,無-無,小破,対象外当事者,対象外当事者,対象外当事者,対象外当事者,対象外当事者,死亡,対象外当事者,金,その他,33.783822,132.786834,2019-11-01,09:00,red,,,,,,,,,,,,
本票,愛媛,松山南,0382,負傷,0,1,37000,対象外,0000,201,昼－昼,雨,市街地－その他,舗装－湿潤,交差点－その他,環状交差点以外 環状交差点以外をいう。,施設なし,標準－反射式,表示あり,規制なし,表示なし,交差点－大（13.0ｍ以上）－小,直線－平坦,交差点内,規制なし,中央分離なし,区分あり－縁石・ブロック等,車両相互,75歳以上,65～74歳,乗用車－普通車,二輪車－自動二輪－原付二種－51～125cc,自家用,自家用,乗用車,対象外当事者,30㎞／ｈ以下,指定の速度規制なし等,前-右前,前-左,小破,中破,その他,対象外当事者,その他,対象外当事者,損傷なし,負傷,金,その他,33.812645,132.772548,2019-09-20,10:35,blue,,,,,,,,,,,,
本票,愛媛,松山南,0383,負傷,0,2,37630,対象外,0000,201,夜－暮,晴,市街地－人口集中,舗装－乾燥,単路－その他,環状交差点以外 環状交差点以外をいう。,施設なし,対象外当事者,その他,対象外当事者,その他,単路－13.0m以上,直線－平坦,単路（交差点付近を含む）,規制なし,中央分離帯,区分あり－縁石・ブロック等,車両相互,55～64歳,45～54歳,乗用車－普通車,貨物車－軽自動車,自家用,事業用,乗用車,貨物車,40㎞／ｈ以下,40㎞／ｈ以下,左前-無,右後-前,小破,小破,その他,その他,その他,その他,損傷なし,負傷,日,その他,33.821281,132.765533,2019-10-27,17:40,blue,,,,,,,,,,,,
本票,愛媛,松山南,0384,死亡,1,0,37000,対象外,0000,201,昼－昼,晴,非市街地,舗装－乾燥,単路－その他,環状交差点以外 環状交差点以外をいう。,施設なし,対象外当事者,その他,対象外当事者,その他,単路－3.5m以上,直線－平坦,その他,規制なし,中央分離なし,区分あり－路側帯,車両単独,75歳以上,不明,貨物車－軽自動車,相手なし,自家用,対象外当事者,貨物車,対象外当事者,指定の速度規制なし等,対象外当事者,前-無,無-無,小破,対象外当事者,その他,対象外当事者,その他,対象外当事者,死亡,対象外当事者,金,その他,33.765710,132.813180,2019-11-08,14:30,red,,,,,,,,,,,,
本票,愛媛,松山南,0385,負傷,0,1,25190,対象外,0000,215,昼－昼,雨,非市街地,舗装－乾燥,交差点－その他,環状交差点以外 環状交差点以外をいう。,施設なし,規制なし,表示なし,規制なし,表示なし,交差点－大（13.0ｍ以上）－中,直線－平坦,交差点内,規制なし,中央分離帯,区分あり－縁石・ブロック等,車両相互,45～54歳,35～44歳,乗用車－普通車,乗用車－軽自動車,自家用,自家用,乗用車,乗用車,50㎞／ｈ以下,50㎞／ｈ以下,無-無,無-無,損壊なし,損壊なし,その他,その他,その他,その他,損傷なし,負傷,水,その他,33.792162,132.882497,2019-08-28,13:21,blue,,,,,,,,,,,,
本票,愛媛,松山南,0386,負傷,0,1,00110,上,0000,201,夜－明,曇,非市街地,舗装－乾燥,単路－その他,環状交差点以外 環状交差点以外をいう。,施設なし,対象外当事者,その他,対象外当事者,その他,単路－9.0m以上,直線－平坦,単路（交差点付近を含む）,規制なし,中央分離帯,区分あり－縁石・ブロック等,車両相互,25～34歳,0～24歳,乗用車－普通車,乗用車－軽自動車,自家用,自家用,乗用車,乗用車,指定の速度規制なし等,指定の速度規制なし等,後-無,前-無,小破,小破,その他,その他,その他,その他,負傷,損傷なし,火,その他,33.808817,132.805946,2019-11-05,05:38,blue,,,,,,,,,,,,
本票,愛媛,松山南,0387,負傷,0,1,99000,対象外,0000,201,昼－昼,晴,非市街地,舗装－乾燥,一般交通の場所,環状交差点以外 環状交差点以外をいう。,施設なし,対象外当事者,その他,対象外当事者,その他,一般交通の場所,一般交通の場所,その他,規制なし,一般交通の場所,区分なし,人対車両,55～64歳,不明,歩行者,対象外当事者,対象外当事者,対象外当事者,対象外当事者,対象外当事者,対象外当事者,対象外当事者,無-無,無-無,対象外当事者,対象外当事者,対象外当事者,対象外当事者,対象外当事者,対象外当事者,負傷,対象外当事者,金,その他,33.821016,132.851059,2019-07-12,10:00,blue,,,,,,,,,,,,
本票,愛媛,松山南,0388,負傷,0,1,00330,上,0000,402,昼－昼,晴,非市街地,舗装－乾燥,交差点－その他,環状交差点以外 環状交差点以外をいう。,施設なし,規制なし,表示なし,標準－自発光式,表示あり,交差点－中（5.5m以上）－小,直線－平坦,交差点内,規制なし,中央分離帯,区分あり－縁石・ブロック等,車両相互,25～34歳,45～54歳,乗用車－普通車,乗用車－軽自動車,自家用,自家用,乗用車,乗用車,指定の速度規制なし等,指定の速度規制なし等,左-無,右前-無,小破,小破,その他,その他,その他,その他,負傷,損傷なし,日,その他,33.777441,132.787303,2019-11-10,08:47,blue,,,,,,,,,,,,
本票,愛媛,松山南,0389,負傷,0,1,00330,上,0000,201,昼－昼,晴,非市街地,舗装－乾燥,交差点－その他,環状交差点以外 環状交差点以外をいう。,点灯－３灯式,規制なし,表示なし,規制なし,表示なし,交差点－中（5.5m以上）－中,直線－平坦,交差点内,規制なし,中央分離帯,区分あり－縁石・ブロック等,車両相互,55～64歳,0～24歳,乗用車－軽自動車,二輪車－原付自転車,自家用,自家用,乗用車,対象外当事者,50㎞／ｈ以下,指定の速度規制なし等,左-無,右-無,小破,小破,その他,対象外当事者,その他,対象外当事者,損傷なし,負傷,火,その他,33.809215,132.780056,2019-11-12,12:04,blue,,,,,,,,,,,,