資料区分,都道府県コード,警察署等コード,本票番号,事故内容,死者数,負傷者数,路線コード,上下線,地点コード,市区町村コード,昼夜,天候,地形,路面状態,道路形状,環状交差点の直径,信号機,一時停止規制　標識（当事者A）,一時停止規制　表示（当事者A）,一時停止規制　標識（当事者B）,一時停止規制　表示（当事者B）,車道幅員,道路線形,衝突地点,ゾーン規制,中央分離帯施設等,歩車道区分,事故類型,年齢（当事者A）,年齢（当事者B）,当事者種別（当事者A）,当事者種別（当事者B）,用途別（当事者A）,用途別（当事者B）,車両形状（当事者A）,車両形状（当事者B）,速度規制（指定のみ）（当事者A）,速度規制（指定のみ）（当事者B）,車両の衝突部位（当事者A）,車両の衝突部位（当事者B）,車両の損壊程度（当事者A）,車両の損壊程度（当事者B）,エアバッグの装備（当事者A）,エアバッグの装備（当事者B）,サイドエアバッグの装備（当事者A）,サイドエアバッグの装備（当事者B）,人身損傷程度（当事者A）,人身損傷程度（当事者B）,曜日(発生年月日),祝日(発生年月日),緯度,経度,発生日,発生時,color,発生地点,道路管理者区分,道路区分,道路構造,曲線半径,縦断勾配,トンネル番号,当事者車両台数,車両単独事故の対象物,臨時速度規制の有無,速度規制（臨時のみ）,トンネル延長距離
本票,愛媛,松山東,0621,負傷,0,1,37000,対象外,0000,201,昼－暮,晴,市街地－人口集中,舗装－乾燥,単路－その他,環状交差点以外 環状交差点以外をいう。,施設なし,対象外当事者,その他,対象外当事者,その他,単路－5.5m以上,直線－平坦,単路（交差点付近を含む）,規制なし,中央線－ペイント,区分あり－縁石・ブロック等,車両相互,55～64歳,35～44歳,乗用車－普通車,乗用車－普通車,自家用,自家用,乗用車,乗用車,40㎞／ｈ以下,40㎞／ｈ以下,前-無,後-無,小破,小破,その他,その他,その他,その他,損傷なし,負傷,土,その他,33.851319,132.758025,2019-11-16,16:40,blue,,,,,,,,,,,,
本票,愛媛,松山東,0622,負傷,0,1,25000,対象外,0000,201,昼－昼,晴,市街地－その他,舗装－乾燥,単路－その他,環状交差点以外 環状交差点以外をいう。,施設なし,対象外当事者,その他,対象外当事者,その他,単路－3.5m未満,直線－平坦,単路（交差点付近を含む）,規制なし,中央線－ペイント,区分あり－縁石・ブロック等,車両相互,35～44歳,35～44歳,乗用車－普通車,軽車両－自転車,自家用,対象外当事者,乗用車,対象外当事者,40㎞／ｈ以下,対象外当事者,左前-前,前-右,小破,小破,その他,対象外当事者,その他,対象外当事者,損傷なし,負傷,日,その他,33.854076,132.752891,2019-11-10,13:07,blue,,,,,,,,,,,,
本票,愛媛,松山東,0623,負傷,0,1,25390,対象外,0000,201,昼－暮,晴,市街地－人口集中,舗装－乾燥,単路－その他,環状交差点以外 環状交差点以外をいう。,施設なし,対象外当事者,その他,対象外当事者,その他,単路－5.5m以上,直線－平坦,単路（交差点付近を含む）,規制なし,中央線－ペイント,区分あり－路側帯,車両相互,0～24歳,0～24歳,乗用車－軽自動車,二輪車－自動二輪－小型二輪－251～400cc,自家用,自家用,乗用車,対象外当事者,40㎞／ｈ以下,40㎞／ｈ以下,前-無,後-無,中破,中破,その他,対象外当事者,その他,対象外当事者,損傷なし,負傷,木,その他,33.820056,132.738034,2019-11-14,16:19,blue,,,,,,,,,,,,
本票,愛媛,松山東,0624,負傷,0,1,00110,下,2375,201,昼－昼,晴,市街地－人口集中,舗装－乾燥,単路－その他,環状交差点以外 環状交差点以外をいう。,施設なし,対象外当事者,その他,対象外当事者,その他,単路－5.5m以上,直線－平坦,単路（交差点付近を含む）,規制なし,中央分離帯,区分あり－縁石・ブロック等,車両相互,55～64歳,45～54歳,貨物車－普通車,貨物車－軽自動車,自家用,自家用,貨物車,貨物車,40㎞／ｈ以下,40㎞／ｈ以下,後-無,前-無,小破,小破,その他,その他,その他,その他,負傷,損傷なし,水,その他,33.839431,132.775224,2019-11-20,13:36,blue,,,,,,,,,,,,
本票,愛媛,松山東,0625,負傷,0,1,37000,対象外,0000,201,昼－昼,曇,市街地－人口集中,舗装－乾燥,交差点－その他,環状交差点以外 環状交差点以外をいう。,施設なし,標準－反射式,表示あり,規制なし,表示なし,交差点－大（13.0ｍ以上）－小,直線－平坦,交差点内,規制なし,中央分離なし,区分あり－路側帯,車両相互,65～74歳,45～54歳,乗用車－軽自動車,貨物車－軽自動車,自家用,自家用,乗用車,貨物車,30㎞／ｈ以下,30㎞／ｈ以下,左前-前,右-右後,中破,小破,その他,その他,その他,その他,損傷なし,負傷,木,その他,33.828591,132.754715,2019-09-05,08:05,blue,,,,,,,,,,,,
本票,愛媛,松山東,0626,負傷,0,1,37000,対象外,0000,201,夜－夜,晴,市街地－その他,舗装－乾燥,交差点付近－その他,環状交差点以外 環状交差点以外をいう。,施設なし,対象外当事者,その他,対象外当事者,その他,単路－9.0m以上,直線－平坦,単路（交差点付近を含む）,規制なし,中央分離帯,区分あり－縁石・ブロック等,車両相互,25～34歳,25～34歳,二輪車－自動二輪－軽二輪－126～250cc,二輪車－自動二輪－軽二輪－126～250cc,自家用,自家用,対象外当事者,対象外当事者,40㎞／ｈ以下,40㎞／ｈ以下,前-無,後-無,小破,小破,対象外当事者,対象外当事者,対象外当事者,対象外当事者,損傷なし,負傷,火,その他,33.847497,132.774249,2019-11-26,18:06,blue,,,,,,,,,,,,
本票,愛媛,松山東,0627,負傷,0,1,37000,対象外,0000,201,昼－昼,晴,市街地－人口集中,舗装－乾燥,交差点－その他,環状交差点以外 環状交差点以外をいう。,施設なし,規制なし,表示なし,規制なし,表示なし,交差点－中（5.5m以上）－小,直線－平坦,交差点内,規制なし,中央分離なし,区分なし,車両相互,0～24歳,0～24歳,乗用車－普通車,軽車両－自転車,自家用,対象外当事者,乗用車,対象外当事者,30㎞／ｈ以下,対象外当事者,右前-前,前-左,小破,小破,その他,対象外当事者,その他,対象外当事者,損傷なし,負傷,金,その他,33.844714,132.760328,2019-11-15,14:05,blue,,,,,,,,,,,,
本票,愛媛,松山東,0628,負傷,0,1,00560,下,2914,201,夜－夜,曇,市街地－その他,舗装－乾燥,単路－その他,環状交差点以外 環状交差点以外をいう。,施設なし,対象外当事者,その他,対象外当事者,その他,単路－5.5m以上,直線－平坦,単路（交差点付近を含む）,規制なし,中央分離帯,区分あり－縁石・ブロック等,車両相互,35～44歳,35～44歳,乗用車－普通車,乗用車－軽自動車,自家用,自家用,乗用車,乗用車,50㎞／ｈ以下,50㎞／ｈ以下,後-前,前-右前,中破,中破,その他,その他,その他,その他,負傷,損傷なし,木,その他,33.820501,132.753453,2019-11-28,18:25,blue,,,,,,,,,,,,
本票,愛媛,松山東,0629,負傷,0,1,37000,対象外,0000,201,昼－昼,晴,市街地－その他,舗装－乾燥,交差点－その他,環状交差点以外 環状交差点以外をいう。,施設なし,規制なし,表示なし,対象外当事者,その他,交差点－中（5.5m以上）－小,直線－平坦,交差点内,ゾーン30,中央線－ペイント,区分あり－縁石・ブロック等,人対車両,75歳以上,25～34歳,乗用車－普通車,歩行者,自家用,対象外当事者,乗用車,対象外当事者,30㎞／ｈ以下,対象外当事者,右前-無,無-無,小破,対象外当事者,その他,対象外当事者,その他,対象外当事者,損傷なし,負傷,火,その他,33.832869,132.787749,2019-11-26,08:06,blue,,,,,,,,,,,,
本票,愛媛,松山東,0630,負傷,0,1,37000,対象外,0000,201,昼－昼,晴,非市街地,舗装－乾燥,単路－その他,環状交差点以外 環状交差点以外をいう。,施設なし,対象外当事者,その他,対象外当事者,その他,単路－3.5m未満,直線－平坦,単路（交差点付近を含む）,規制なし,中央分離なし,区分あり－路側帯,人対車両,0～24歳,不明,歩行者,対象外当事者,対象外当事者,対象外当事者,対象外当事者,対象外当事者,対象外当事者,対象外当事者,無-無,無-無,対象外当事者,対象外当事者,対象外当事者,対象外当事者,対象外当事者,対象外当事者,負傷,対象外当事者,金,その他,33.835789,132.781803,2019-11-01,15:10,blue,,,,,,,,,,,,
本票,愛媛,松山東,0631,負傷,0,1,25150,対象外,0000,201,昼－昼,晴,市街地－その他,舗装－乾燥,交差点－その他,環状交差点以外 環状交差点以外をいう。,点灯－３灯式,規制なし,表示なし,対象外当事者,その他,交差点－中（5.5m以上）－中,直線－平坦,交差点内,規制なし,中央分離なし,区分あり－路側帯,人対車両,45～54歳,35～44歳,乗用車－軽自動車,歩行者,自家用,対象外当事者,乗用車,対象外当事者,40㎞／ｈ以下,対象外当事者,前-無,無-無,小破,対象外当事者,その他,対象外当事者,その他,対象外当事者,損傷なし,負傷,土,その他,33.852144,132.783372,2019-11-30,12:48,blue,,,,,,,,,,,,
本票,愛媛,松山東,0632,負傷,0,2,25000,対象外,0000,201,夜－暮,曇,市街地－その他,舗装－乾燥,交差点－その他,環状交差点以外 環状交差点以外をいう。,点灯－３灯式,規制なし,表示なし,規制なし,表示なし,交差点－中（5.5m以上）－中,直線－平坦,交差点内,規制なし,中央線－ペイント,区分あり－路側帯,車両相互,75歳以上,35～44歳,二輪車－原付自転車,二輪車－原付自転車,自家用,自家用,対象外当事者,対象外当事者,指定の速度規制なし等,指定の速度規制なし等,前-無,前-無,小破,小破,対象外当事者,対象外当事者,対象外当事者,対象外当事者,負傷,負傷,日,その他,33.824447,132.744392,2019-12-01,17:13,blue,,,,,,,,,,,,
本票,愛媛,松山東,0633,負傷,0,2,56310,上,0000,201,夜－暮,雨,非市街地,舗装－湿潤,単路－その他,環状交差点以外 環状交差点以外をいう。,施設なし,対象外当事者,その他,対象外当事者,その他,単路－3.5m以上,直線－平坦,単路（交差点付近を含む）,規制なし,中央分離なし,区分なし,車両相互,45～54歳,25～34歳,乗用車－普通車,乗用車－普通車,自家用,自家用,乗用車,乗用車,40㎞／ｈ以下,40㎞／ｈ以下,前-無,後-無,小破,小破,その他,その他,その他,その他,損傷なし,負傷,月,その他,33.811406,132.730218,2019-11-18,17:20,blue,,,,,,,,,,,,
本票,愛媛,松山東,0634,負傷,0,1,99000,対象外,0000,201,昼－昼,晴,非市街地,舗装－乾燥,一般交通の場所,環状交差点以外 環状交差点以外をいう。,施設なし,対象外当事者,その他,対象外当事者,その他,一般交通の場所,一般交通の場所,その他,規制なし,一般交通の場所,区分なし,人対車両,45～54歳,65～74歳,乗用車－普通車,歩行者,自家用,対象外当事者,乗用車,対象外当事者,指定の速度規制なし等,対象外当事者,左前-無,無-無,小破,対象外当事者,その他,対象外当事者,その他,対象外当事者,損傷なし,負傷,木,その他,33.845025,132.753404,2019-10-17,12:10,blue,,,,,,,,,,,,
本票,愛媛,松山東,0635,負傷,0,1,00560,上,0000,201,昼－昼,晴,非市街地,舗装－乾燥,交差点－その他,環状交差点以外 環状交差点以外をいう。,点灯－３灯式,規制なし,表示なし,規制なし,表示なし,交差点－大（13.0ｍ以上）－大,直線－平坦,交差点内,規制なし,中央分離帯,区分あり－縁石・ブロック等,車両相互,35～44歳,0～24歳,乗用車－普通車,二輪車－自動二輪－原付二種－51～125cc,自家用,自家用,乗用車,対象外当事者,50㎞／ｈ以下,50㎞／ｈ以下,前-無,前-無,小破,小破,その他,対象外当事者,その他,対象外当事者,損傷なし,負傷,木,その他,33.806018,132.729336,2019-11-14,07:40,blue,,,,,,,,,,,,
本票,愛媛,松山東,0636,負傷,0,1,99000,対象外,0000,201,昼－暮,雨,市街地－その他,舗装－湿潤,一般交通の場所,環状交差点以外 環状交差点以外をいう。,施設なし,対象外当事者,その他,対象外当事者,その他,一般交通の場所,一般交通の場所,その他,規制なし,一般交通の場所,区分なし,車両相互,65～74歳,0～24歳,乗用車－軽自動車,乗用車－軽自動車,自家用,自家用,乗用車,乗用車,指定の速度規制なし等,指定の速度規制なし等,左前-無,右前-無,小破,小破,その他,その他,その他,その他,損傷なし,負傷,金,その他,33.871190,132.753819,2019-10-18,16:51,blue,,,,,,,,,,,,
本票,愛媛,松山東,0637,負傷,0,1,01963,下,0000,201,昼－昼,晴,市街地－人口集中,舗装－乾燥,単路－その他,環状交差点以外 環状交差点以外をいう。,施設なし,対象外当事者,その他,対象外当事者,その他,単路－9.0m以上,直線－平坦,単路（交差点付近を含む）,規制なし,中央分離帯,区分あり－縁石・ブロック等,車両相互,35～44歳,0～24歳,貨物車－軽自動車,二輪車－原付自転車,自家用,自家用,貨物車,対象外当事者,50㎞／ｈ以下,30㎞／ｈ以下,左-左後,前-左,小破,小破,その他,対象外当事者,その他,対象外当事者,損傷なし,負傷,土,その他,33.830532,132.744008,2019-11-16,08:05,blue,,,,,,,,,,,,
本票,愛媛,松山東,0638,負傷,0,1,37000,対象外,0000,201,夜－夜,晴,市街地－人口集中,舗装－乾燥,交差点－その他,環状交差点以外 環状交差点以外をいう。,点灯－３灯式,規制なし,表示なし,規制なし,表示なし,交差点－大（13.0ｍ以上）－小,直線－平坦,交差点内,規制なし,中央分離なし,区分あり－縁石・ブロック等,車両相互,65～74歳,25～34歳,乗用車－普通車,軽車両－自転車,自家用,対象外当事者,乗用車,対象外当事者,40㎞／ｈ以下,対象外当事者,右前-右,前-右,小破,小破,その他,対象外当事者,その他,対象外当事者,損傷なし,負傷,火,その他,33.828465,132.742947,2019-12-03,21:37,blue,,,,,,,,,,,,
本票,愛媛,松山東,0639,負傷,0,1,37000,対象外,0000,201,昼－昼,晴,市街地－人口集中,舗装－乾燥,交差点－その他,環状交差点以外 環状交差点以外をいう。,施設なし,標準－反射式,表示なし,規制なし,表示なし,交差点－中（5.5m以上）－小,直線－平坦,交差点内,規制なし,中央分離なし,区分あり－路側帯,車両相互,25～34歳,75歳以上,乗用車－軽自動車,二輪車－原付自転車,自家用,自家用,乗用車,対象外当事者,指定の速度規制なし等,指定の速度規制なし等,右前-無,前-無,小破,中破,その他,対象外当事者,その他,対象外当事者,損傷なし,負傷,月,その他,33.849357,132.748697,2019-11-25,12:35,blue,,,,,,,,,,,,
本票,愛媛,松山東,0640,負傷,0,1,00110,下,2359,201,昼－昼,晴,市街地－その他,舗装－乾燥,交差点－その他,環状交差点以外 環状交差点以外をいう。,施設なし,標準－反射式,表示なし,規制なし,表示なし,交差点－小（5.5m未満）－小,直線－平坦,交差点内,規制なし,中央分離なし,区分あり－縁石・ブロック等,車両相互,45～54歳,55～64歳,乗用車－普通車,軽車両－自転車,自家用,対象外当事者,乗用車,対象外当事者,50㎞／ｈ以下,対象外当事者,左前-前,前-右,小破,小破,その他,対象外当事者,その他,対象外当事者,損傷なし,負傷,月,その他,33.827698,132.782121,2019-11-25,15:06,blue,,,,,,,,,,,,
本票,愛媛,松山東,0641,負傷,0,1,37000,対象外,0000,201,夜－夜,晴,市街地－人口集中,舗装－乾燥,単路－その他,環状交差点以外 環状交差点以外をいう。,施設なし,対象外当事者,その他,対象外当事者,その他,単路－3.5m以上,直線－平坦,単路（交差点付近を含む）,規制なし,中央分離なし,区分あり－路側帯,人対車両,55～64歳,55～64歳,乗用車－普通車,歩行者,自家用,対象外当事者,乗用車,対象外当事者,30㎞／ｈ以下,対象外当事者,左-無,無-無,小破,対象外当事者,その他,対象外当事者,その他,対象外当事者,損傷なし,負傷,金,その他,33.829754,132.778589,2019-11-29,18:15,blue,,,,,,,,,,,,
本票,愛媛,松山東,0642,負傷,0,1,14660,対象外,0000,201,昼－昼,曇,市街地－人口集中,舗装－乾燥,単路－カーブ・屈折,環状交差点以外 環状交差点以外をいう。,施設なし,対象外当事者,その他,対象外当事者,その他,単路－5.5m以上,カーブ・屈折－左－上り,単路（交差点付近を含む）,規制なし,中央線－ペイント,区分あり－縁石・ブロック等,車両相互,45～54歳,35～44歳,乗用車－軽自動車,二輪車－原付自転車,自家用,自家用,乗用車,対象外当事者,50㎞／ｈ以下,指定の速度規制なし等,前-無,後-無,小破,小破,その他,対象外当事者,その他,対象外当事者,損傷なし,負傷,火,その他,33.862006,132.775096,2019-12-03,13:05,blue,,,,,,,,,,,,
本票,愛媛,松山東,0643,負傷,0,1,01960,下,0000,201,夜－夜,晴,市街地－その他,舗装－乾燥,交差点付近－その他,環状交差点以外 環状交差点以外をいう。,点灯－３灯式,対象外当事者,その他,対象外当事者,その他,単路－9.0m以上,直線－平坦,単路（交差点付近を含む）,規制なし,中央分離帯,区分あり－縁石・ブロック等,車両相互,0～24歳,不明,乗用車－軽自動車,対象外当事者,自家用,対象外当事者,乗用車,対象外当事者,50㎞／ｈ以下,対象外当事者,後-無,無-無,小破,対象外当事者,その他,対象外当事者,その他,対象外当事者,損傷なし,対象外当事者,月,その他,33.873727,132.752081,2019-11-25,18:55,blue,,,,,,,,,,,,
本票,愛媛,松山東,0644,負傷,0,1,01960,上,0000,201,昼－昼,晴,非市街地,舗装－乾燥,単路－その他,環状交差点以外 環状交差点以外をいう。,消灯,対象外当事者,その他,対象外当事者,その他,単路－13.0m以上,直線－平坦,単路（交差点付近を含む）,規制なし,中央分離帯,区分あり－縁石・ブロック等,車両相互,65～74歳,25～34歳,乗用車－軽自動車,軽車両－自転車,自家用,対象外当事者,乗用車,対象外当事者,50㎞／ｈ以下,対象外当事者,前-左前,前-無,小破,小破,その他,対象外当事者,その他,対象外当事者,損傷なし,負傷,日,その他,33.884104,132.752010,2019-12-01,12:07,blue,,,,,,,,,,,,
本票,愛媛,松山東,0645,負傷,0,1,03170,対象外,0000,201,夜－夜,晴,非市街地,舗装－乾燥,交差点付近－その他,環状交差点以外 環状交差点以外をいう。,点灯－３灯式,対象外当事者,その他,対象外当事者,その他,単路－5.5m以上,直線－平坦,単路（交差点付近を含む）,規制なし,中央線－ペイント,区分あり－縁石・ブロック等,車両相互,25～34歳,45～54歳,乗用車－普通車,乗用車－軽自動車,自家用,自家用,乗用車,乗用車,40㎞／ｈ以下,40㎞／ｈ以下,後-無,前-無,小破,小破,その他,その他,その他,その他,負傷,損傷なし,火,その他,33.854965,132.810133,2019-11-26,18:08,blue,,,,,,,,,,,,
本票,愛媛,松山東,0646,負傷,0,1,37000,対象外,0000,201,昼－昼,晴,市街地－人口集中,舗装－乾燥,単路－その他,環状交差点以外 環状交差点以外をいう。,施設なし,対象外当事者,その他,対象外当事者,その他,単路－5.5m以上,直線－平坦,単路（交差点付近を含む）,規制なし,中央分離なし,区分あり－路側帯,人対車両,55～64歳,25～34歳,貨物車－普通車,歩行者,自家用,対象外当事者,貨物車,対象外当事者,30㎞／ｈ以下,対象外当事者,前-無,無-無,小破,対象外当事者,その他,対象外当事者,その他,対象外当事者,損傷なし,負傷,金,その他,33.858118,132.750654,2019-11-29,11:43,blue,,,,,,,,,,,,
本票,愛媛,松山東,0647,負傷,0,1,37000,対象外,0000,201,夜－明,晴,市街地－人口集中,舗装－乾燥,交差点付近－その他,環状交差点以外 環状交差点以外をいう。,施設なし,対象外当事者,その他,対象外当事者,その他,単路－5.5m以上,直線－平坦,単路（交差点付近を含む）,規制なし,中央分離なし,区分あり－路側帯,人対車両,35～44歳,35～44歳,乗用車－普通車,歩行者,自家用,対象外当事者,乗用車,対象外当事者,指定の速度規制なし等,対象外当事者,右前-無,無-無,小破,対象外当事者,その他,対象外当事者,その他,対象外当事者,損傷なし,負傷,火,その他,33.848800,132.753476,2019-12-10,06:17,blue,,,,,,,,,,,,
本票,愛媛,松山東,0648,負傷,0,1,37000,対象外,0000,201,昼－昼,曇,市街地－人口集中,舗装－乾燥,交差点－その他,環状交差点以外 環状交差点以外をいう。,施設なし,規制なし,表示なし,規制なし,表示なし,交差点－小（5.5m未満）－小,直線－平坦,交差点内,規制なし,中央分離なし,区分なし,車両相互,75歳以上,0～24歳,乗用車－軽自動車,軽車両－自転車,自家用,対象外当事者,乗用車,対象外当事者,30㎞／ｈ以下,対象外当事者,前-無,右-無,中破,大破,その他,対象外当事者,その他,対象外当事者,損傷なし,負傷,日,その他,33.827595,132.775937,2019-10-27,15:41,blue,,,,,,,,,,,,
本票,愛媛,松山東,0649,負傷,0,1,25000,対象外,0000,201,昼－昼,晴,市街地－人口集中,舗装－乾燥,交差点付近－その他,環状交差点以外 環状交差点以外をいう。,施設なし,対象外当事者,その他,対象外当事者,その他,単路－5.5m以上,直線－平坦,単路（交差点付近を含む）,規制なし,中央線－ペイント,区分あり－縁石・ブロック等,車両相互,75歳以上,25～34歳,乗用車－軽自動車,二輪車－原付自転車,自家用,自家用,乗用車,対象外当事者,40㎞／ｈ以下,指定の速度規制なし等,左-無,前-無,小破,小破,その他,対象外当事者,その他,対象外当事者,損傷なし,負傷,火,その他,33.886848,132.751633,2019-11-26,08:35,blue,,,,,,,,,,,,
本票,愛媛,松山東,0650,負傷,0,1,25390,対象外,0000,201,昼－暮,晴,市街地－人口集中,舗装－乾燥,単路－その他,環状交差点以外 環状交差点以外をいう。,施設なし,対象外当事者,その他,対象外当事者,その他,単路－5.5m以上,直線－平坦,単路（交差点付近を含む）,規制なし,中央分離なし,区分あり－路側帯,車両相互,65～74歳,45～54歳,乗用車－普通車,貨物車－軽自動車,事業用,自家用,乗用車,貨物車,40㎞／ｈ以下,40㎞／ｈ以下,後-無,前-無,小破,小破,その他,その他,その他,その他,負傷,損傷なし,月,その他,33.827671,132.748982,2019-12-09,16:00,blue,,,,,,,,,,,,
本票,愛媛,松山東,0651,負傷,0,1,01960,下,0002,201,昼－昼,晴,市街地－その他,舗装－乾燥,単路－その他,環状交差点以外 環状交差点以外をいう。,施設なし,対象外当事者,その他,対象外当事者,その他,単路－3.5m未満,直線－平坦,単路（交差点付近を含む）,規制なし,中央分離なし,区分あり－縁石・ブロック等,車両相互,45～54歳,0～24歳,軽車両－自転車,軽車両－自転車,対象外当事者,対象外当事者,対象外当事者,対象外当事者,対象外当事者,対象外当事者,前-無,右-無,小破,小破,対象外当事者,対象外当事者,対象外当事者,対象外当事者,負傷,損傷なし,火,当日,33.841660,132.758543,2019-10-22,07:48,blue,,,,,,,,,,,,
本票,愛媛,松山東,0652,負傷,0,1,00560,下,0000,201,昼－昼,晴,市街地－その他,舗装－乾燥,交差点－その他,環状交差点以外 環状交差点以外をいう。,点灯－３灯式,規制なし,表示なし,規制なし,表示なし,交差点－中（5.5m以上）－中,直線－平坦,交差点内,規制なし,中央分離帯,区分あり－縁石・ブロック等,車両相互,35～44歳,45～54歳,乗用車－普通車,軽車両－自転車,自家用,対象外当事者,乗用車,対象外当事者,50㎞／ｈ以下,対象外当事者,右前-無,左-無,小破,小破,その他,対象外当事者,その他,対象外当事者,損傷なし,負傷,水,その他,33.822123,132.755954,2019-11-27,08:02,blue,,,,,,,,,,,,
本票,愛媛,松山東,0653,負傷,0,1,04370,下,0000,201,昼－昼,晴,市街地－その他,舗装－乾燥,単路－その他,環状交差点以外 環状交差点以外をいう。,施設なし,対象外当事者,その他,対象外当事者,その他,単路－5.5m以上,直線－平坦,単路（交差点付近を含む）,規制なし,中央分離なし,区分あり－縁石・ブロック等,車両相互,0～24歳,25～34歳,乗用車－普通車,乗用車－普通車,自家用,自家用,乗用車,乗用車,指定の速度規制なし等,指定の速度規制なし等,後-無,前-無,小破,小破,その他,その他,その他,その他,損傷なし,負傷,月,その他,33.855233,132.746744,2019-12-09,14:48,blue,,,,,,,,,,,,
本票,愛媛,松山東,0654,負傷,0,1,01963,対象外,0000,201,昼－昼,晴,市街地－人口集中,舗装－乾燥,単路－その他,環状交差点以外 環状交差点以外をいう。,施設なし,対象外当事者,その他,対象外当事者,その他,単路－9.0m以上,直線－下り,単路（交差点付近を含む）,規制なし,中央分離帯,区分あり－縁石・ブロック等,車両相互,35～44歳,35～44歳,乗用車－軽自動車,貨物車－軽自動車,自家用,自家用,乗用車,貨物車,50㎞／ｈ以下,50㎞／ｈ以下,右前-左前,前-左前,小破,小破,その他,その他,その他,その他,負傷,損傷なし,月,その他,33.840893,132.744596,2019-12-09,08:26,blue,,,,,,,,,,,,
本票,愛媛,松山東,0655,負傷,0,1,99000,対象外,0000,201,昼－暮,曇,市街地－人口集中,舗装－乾燥,一般交通の場所,環状交差点以外 環状交差点以外をいう。,施設なし,対象外当事者,その他,対象外当事者,その他,一般交通の場所,一般交通の場所,その他,規制なし,一般交通の場所,区分なし,車両相互,25～34歳,25～34歳,乗用車－普通車,乗用車－軽自動車,自家用,自家用,乗用車,乗用車,指定の速度規制なし等,指定の速度規制なし等,右後-無,前-無,小破,小破,その他,その他,その他,その他,損傷なし,負傷,日,その他,33.853360,132.747188,2019-11-24,16:07,blue,,,,,,,,,,,,
本票,愛媛,松山東,0656,負傷,0,1,01960,下,0000,201,夜－夜,曇,市街地－その他,舗装－乾燥,単路－その他,環状交差点以外 環状交差点以外をいう。,施設なし,対象外当事者,その他,対象外当事者,その他,単路－13.0m以上,直線－平坦,単路（交差点付近を含む）,規制なし,中央分離帯,区分なし,車両相互,35～44歳,35～44歳,乗用車－普通車,乗用車－普通車,自家用,自家用,乗用車,乗用車,50㎞／ｈ以下,50㎞／ｈ以下,前-無,後-無,小破,小破,その他,その他,その他,その他,損傷なし,負傷,金,前日,33.849201,132.746566,2019-11-22,18:10,blue,,,,,,,,,,,,
本票,愛媛,松山東,0657,負傷,0,1,37000,対象外,0000,201,昼－明,晴,市街地－その他,舗装－乾燥,交差点－その他,環状交差点以外 環状交差点以外をいう。,施設なし,規制なし,表示なし,標準－反射式,表示あり,交差点－小（5.5m未満）－小,直線－平坦,交差点内,規制なし,中央分離なし,区分なし,車両相互,25～34歳,25～34歳,乗用車－軽自動車,軽車両－自転車,自家用,対象外当事者,乗用車,対象外当事者,指定の速度規制なし等,対象外当事者,右-無,前-左,小破,小破,その他,対象外当事者,その他,対象外当事者,損傷なし,負傷,金,その他,33.830377,132.742857,2019-11-29,07:42,blue,,,,,,,,,,,,
本票,愛媛,松山東,0658,負傷,0,1,37000,対象外,0000,201,昼－昼,晴,市街地－人口集中,舗装－乾燥,単路－その他,環状交差点以外 環状交差点以外をいう。,点灯－３灯式,対象外当事者,その他,対象外当事者,その他,単路－5.5m以上,直線－下り,単路（交差点付近を含む）,規制なし,中央分離なし,区分あり－縁石・ブロック等,車両相互,35～44歳,55～64歳,二輪車－自動二輪－原付二種－51～125cc,二輪車－原付自転車,自家用,自家用,対象外当事者,対象外当事者,40㎞／ｈ以下,指定の速度規制なし等,後-無,前-無,小破,小破,対象外当事者,対象外当事者,対象外当事者,対象外当事者,負傷,損傷なし,金,その他,33.828898,132.764234,2019-12-13,08:07,blue,,,,,,,,,,,,
本票,愛媛,松山東,0659,負傷,0,1,37250,対象外,0000,201,夜－夜,晴,市街地－人口集中,舗装－乾燥,交差点－その他,環状交差点以外 環状交差点以外をいう。,施設なし,規制なし,表示なし,対象外当事者,その他,交差点－中（5.5m以上）－中,直線－平坦,交差点内,規制なし,中央線－ペイント,区分あり－縁石・ブロック等,人対車両,55～64歳,45～54歳,乗用車－軽自動車,歩行者,自家用,対象外当事者,乗用車,対象外当事者,40㎞／ｈ以下,対象外当事者,前-無,無-無,損壊なし,対象外当事者,その他,対象外当事者,その他,対象外当事者,損傷なし,負傷,月,その他,33.834189,132.770839,2019-12-09,18:53,blue,,,,,,,,,,,,
本票,愛媛,松山東,0660,負傷,0,1,14210,対象外,0000,201,昼－昼,晴,市街地－その他,舗装－乾燥,単路－その他,環状交差点以外 環状交差点以外をいう。,施設なし,対象外当事者,その他,対象外当事者,その他,単路－5.5m以上,直線－平坦,単路（交差点付近を含む）,規制なし,中央線－ペイント,区分あり－縁石・ブロック等,車両相互,35～44歳,75歳以上,貨物車－普通車,軽車両－自転車,自家用,対象外当事者,貨物車,対象外当事者,50㎞／ｈ以下,対象外当事者,前-無,右-無,小破,小破,その他,対象外当事者,その他,対象外当事者,損傷なし,負傷,金,その他,33.853069,132.752272,2019-11-08,12:41,blue,,,,,,,,,,,,