資料区分,都道府県コード,警察署等コード,本票番号,事故内容,死者数,負傷者数,路線コード,上下線,地点コード,市区町村コード,昼夜,天候,地形,路面状態,道路形状,環状交差点の直径,信号機,一時停止規制　標識（当事者A）,一時停止規制　表示（当事者A）,一時停止規制　標識（当事者B）,一時停止規制　表示（当事者B）,車道幅員,道路線形,衝突地点,ゾーン規制,中央分離帯施設等,歩車道区分,事故類型,年齢（当事者A）,年齢（当事者B）,当事者種別（当事者A）,当事者種別（当事者B）,用途別（当事者A）,用途別（当事者B）,車両形状（当事者A）,車両形状（当事者B）,速度規制（指定のみ）（当事者A）,速度規制（指定のみ）（当事者B）,車両の衝突部位（当事者A）,車両の衝突部位（当事者B）,車両の損壊程度（当事者A）,車両の損壊程度（当事者B）,エアバッグの装備（当事者A）,エアバッグの装備（当事者B）,サイドエアバッグの装備（当事者A）,サイドエアバッグの装備（当事者B）,人身損傷程度（当事者A）,人身損傷程度（当事者B）,曜日(発生年月日),祝日(発生年月日),緯度,経度,発生日,発生時,color,発生地点,道路管理者区分,道路区分,道路構造,曲線半径,縦断勾配,トンネル番号,当事者車両台数,車両単独事故の対象物,臨時速度規制の有無,速度規制（臨時のみ）,トンネル延長距離
本票,愛媛,松山東,0661,負傷,0,1,25000,対象外,0000,201,夜－夜,晴,市街地－人口集中,舗装－乾燥,交差点－その他,環状交差点以外 環状交差点以外をいう。,点灯－３灯式,規制なし,表示なし,規制なし,表示なし,交差点－中（5.5m以上）－中,直線－下り,交差点内,規制なし,中央分離なし,区分あり－縁石・ブロック等,車両相互,55～64歳,55～64歳,乗用車－普通車,乗用車－普通車,自家用,自家用,乗用車,乗用車,40㎞／ｈ以下,40㎞／ｈ以下,前-右前,右-右後,中破,中破,その他,その他,その他,その他,損傷なし,負傷,金,その他,33.838348,132.779242,2019-12-13,18:22,blue,,,,,,,,,,,,
本票,愛媛,松山東,0662,負傷,0,1,37000,対象外,0000,201,夜－夜,晴,市街地－人口集中,舗装－乾燥,交差点－その他,環状交差点以外 環状交差点以外をいう。,施設なし,規制なし,表示なし,標準－反射式,表示なし,交差点－中（5.5m以上）－小,直線－平坦,交差点内,規制なし,中央分離なし,区分あり－路側帯,車両相互,35～44歳,0～24歳,二輪車－原付自転車,軽車両－自転車,自家用,対象外当事者,対象外当事者,対象外当事者,指定の速度規制なし等,対象外当事者,右-無,前-無,小破,小破,対象外当事者,対象外当事者,対象外当事者,対象外当事者,負傷,損傷なし,金,その他,33.839134,132.768997,2019-12-13,19:23,blue,,,,,,,,,,,,
本票,愛媛,松山東,0663,負傷,0,1,01960,上,0051,201,昼－昼,曇,市街地－その他,舗装－乾燥,単路－その他,環状交差点以外 環状交差点以外をいう。,施設なし,対象外当事者,その他,対象外当事者,その他,単路－5.5m以上,直線－平坦,単路（交差点付近を含む）,規制なし,中央分離帯,区分あり－縁石・ブロック等,車両相互,35～44歳,0～24歳,乗用車－軽自動車,二輪車－自動二輪－小型二輪－251～400cc,自家用,自家用,乗用車,対象外当事者,50㎞／ｈ以下,50㎞／ｈ以下,左-無,前-無,小破,小破,その他,対象外当事者,その他,対象外当事者,損傷なし,負傷,火,その他,33.882796,132.752000,2019-12-03,15:30,blue,,,,,,,,,,,,
本票,愛媛,松山東,0664,負傷,0,1,37000,対象外,0000,201,夜－暮,曇,市街地－その他,舗装－乾燥,交差点－その他,環状交差点以外 環状交差点以外をいう。,施設なし,規制なし,表示なし,規制なし,表示なし,交差点－中（5.5m以上）－小,直線－平坦,交差点内,規制なし,中央分離なし,区分あり－路側帯,車両相互,35～44歳,0～24歳,乗用車－普通車,軽車両－自転車,自家用,対象外当事者,乗用車,対象外当事者,30㎞／ｈ以下,対象外当事者,左前-無,前-無,小破,小破,その他,対象外当事者,その他,対象外当事者,損傷なし,負傷,月,当日,33.824095,132.754777,2019-11-04,17:16,blue,,,,,,,,,,,,
本票,愛媛,松山東,0665,負傷,0,1,25390,対象外,0000,201,昼－昼,晴,市街地－人口集中,舗装－乾燥,交差点－その他,環状交差点以外 環状交差点以外をいう。,点滅－３灯式,規制なし,表示なし,対象外当事者,その他,交差点－大（13.0ｍ以上）－中,直線－平坦,交差点内,規制なし,中央線－ペイント,区分あり－路側帯,人対車両,75歳以上,55～64歳,乗用車－普通車,歩行者,自家用,対象外当事者,乗用車,対象外当事者,40㎞／ｈ以下,対象外当事者,前-右前,無-無,小破,対象外当事者,その他,対象外当事者,その他,対象外当事者,損傷なし,負傷,金,その他,33.824324,132.744234,2019-12-13,14:48,blue,,,,,,,,,,,,
本票,愛媛,松山東,0666,負傷,0,1,37000,対象外,0000,201,昼－昼,晴,市街地－人口集中,舗装－乾燥,単路－その他,環状交差点以外 環状交差点以外をいう。,施設なし,対象外当事者,その他,対象外当事者,その他,単路－3.5m以上,直線－平坦,単路（交差点付近を含む）,規制なし,中央分離なし,区分なし,車両相互,25～34歳,45～54歳,乗用車－普通車,軽車両－自転車,自家用,対象外当事者,乗用車,対象外当事者,指定の速度規制なし等,対象外当事者,前-無,前-右,小破,中破,その他,対象外当事者,その他,対象外当事者,損傷なし,負傷,土,その他,33.874971,132.756974,2019-11-16,08:35,blue,,,,,,,,,,,,
本票,愛媛,松山東,0667,負傷,0,1,01960,下,0003,201,昼－昼,晴,市街地－人口集中,舗装－乾燥,交差点－その他,環状交差点以外 環状交差点以外をいう。,施設なし,規制なし,表示なし,規制なし,表示なし,交差点－大（13.0ｍ以上）－中,直線－平坦,交差点内,規制なし,中央線－ペイント,区分あり－縁石・ブロック等,車両相互,65～74歳,65～74歳,乗用車－普通車,二輪車－原付自転車,自家用,自家用,乗用車,対象外当事者,50㎞／ｈ以下,指定の速度規制なし等,左前-無,右-無,小破,小破,その他,対象外当事者,その他,対象外当事者,損傷なし,負傷,土,その他,33.842091,132.758584,2019-12-14,13:28,blue,,,,,,,,,,,,
本票,愛媛,松山東,0668,負傷,0,1,04370,対象外,0000,201,昼－明,晴,非市街地,舗装－乾燥,単路－その他,環状交差点以外 環状交差点以外をいう。,施設なし,対象外当事者,その他,対象外当事者,その他,単路－5.5m以上,直線－平坦,単路（交差点付近を含む）,規制なし,中央線－ペイント,区分あり－縁石・ブロック等,車両相互,35～44歳,0～24歳,貨物車－軽自動車,軽車両－自転車,自家用,対象外当事者,貨物車,対象外当事者,40㎞／ｈ以下,対象外当事者,左-無,前-右,小破,中破,その他,対象外当事者,その他,対象外当事者,損傷なし,負傷,火,その他,33.855246,132.746943,2019-12-17,08:00,blue,,,,,,,,,,,,
本票,愛媛,松山東,0669,負傷,0,1,37000,対象外,0000,201,昼－昼,晴,市街地－人口集中,舗装－乾燥,交差点－その他,環状交差点以外 環状交差点以外をいう。,施設なし,規制なし,表示なし,標準－反射式,表示あり,交差点－中（5.5m以上）－中,直線－平坦,交差点内,規制なし,中央分離なし,区分あり－路側帯,車両相互,25～34歳,75歳以上,貨物車－軽自動車,二輪車－原付自転車,自家用,自家用,貨物車,対象外当事者,30㎞／ｈ以下,指定の速度規制なし等,左前-無,前-無,小破,小破,その他,対象外当事者,その他,対象外当事者,損傷なし,負傷,木,その他,33.845175,132.777272,2019-12-05,13:22,blue,,,,,,,,,,,,
本票,愛媛,松山東,0670,負傷,0,1,37000,対象外,0000,201,昼－昼,晴,市街地－人口集中,舗装－乾燥,単路－その他,環状交差点以外 環状交差点以外をいう。,施設なし,対象外当事者,その他,対象外当事者,その他,単路－5.5m以上,直線－平坦,単路（交差点付近を含む）,規制なし,中央分離なし,区分あり－縁石・ブロック等,車両相互,35～44歳,35～44歳,乗用車－普通車,二輪車－自動二輪－小型二輪－751ｃｃ以上,自家用,自家用,乗用車,対象外当事者,30㎞／ｈ以下,30㎞／ｈ以下,右前-右,右-後,小破,小破,その他,対象外当事者,その他,対象外当事者,損傷なし,負傷,月,当日,33.839903,132.775075,2019-11-04,10:00,blue,,,,,,,,,,,,
本票,愛媛,松山東,0671,負傷,0,1,99000,対象外,0000,201,昼－昼,晴,市街地－人口集中,舗装－乾燥,一般交通の場所,環状交差点以外 環状交差点以外をいう。,施設なし,対象外当事者,その他,対象外当事者,その他,一般交通の場所,一般交通の場所,その他,規制なし,一般交通の場所,区分なし,車両相互,35～44歳,35～44歳,乗用車－普通車,乗用車－軽自動車,自家用,自家用,乗用車,乗用車,指定の速度規制なし等,指定の速度規制なし等,前-無,右後-無,小破,小破,その他,その他,その他,その他,負傷,損傷なし,月,その他,33.837338,132.771479,2019-12-09,12:54,blue,,,,,,,,,,,,
本票,愛媛,松山東,0672,負傷,0,3,37000,対象外,0000,201,昼－昼,晴,市街地－人口集中,舗装－湿潤,単路－その他,環状交差点以外 環状交差点以外をいう。,施設なし,対象外当事者,その他,対象外当事者,その他,単路－9.0m以上,直線－平坦,単路（交差点付近を含む）,規制なし,中央線－ペイント,区分あり－縁石・ブロック等,車両相互,45～54歳,35～44歳,乗用車－普通車,乗用車－軽自動車,自家用,自家用,乗用車,乗用車,50㎞／ｈ以下,50㎞／ｈ以下,前-無,後-無,中破,中破,その他,その他,その他,その他,損傷なし,負傷,月,その他,33.839041,132.786050,2019-12-23,08:50,blue,,,,,,,,,,,,
本票,愛媛,松山東,0673,負傷,0,1,37000,対象外,0000,201,昼－昼,曇,市街地－その他,舗装－乾燥,単路－その他,環状交差点以外 環状交差点以外をいう。,施設なし,対象外当事者,その他,対象外当事者,その他,単路－5.5m以上,直線－平坦,単路（交差点付近を含む）,規制なし,中央分離なし,区分あり－縁石・ブロック等,車両相互,75歳以上,65～74歳,乗用車－軽自動車,軽車両－自転車,自家用,対象外当事者,乗用車,対象外当事者,30㎞／ｈ以下,対象外当事者,左前-無,左-無,小破,小破,その他,対象外当事者,その他,対象外当事者,損傷なし,負傷,火,その他,33.839003,132.786621,2019-12-03,11:15,blue,,,,,,,,,,,,
本票,愛媛,松山東,0674,負傷,0,1,99000,対象外,0000,201,夜－暮,雨,市街地－人口集中,舗装－湿潤,一般交通の場所,環状交差点以外 環状交差点以外をいう。,施設なし,対象外当事者,その他,対象外当事者,その他,一般交通の場所,一般交通の場所,その他,規制なし,一般交通の場所,区分なし,人対車両,65～74歳,25～34歳,乗用車－軽自動車,歩行者,自家用,対象外当事者,乗用車,対象外当事者,指定の速度規制なし等,対象外当事者,後-無,無-無,小破,対象外当事者,その他,対象外当事者,その他,対象外当事者,損傷なし,負傷,日,その他,33.827695,132.773475,2019-12-22,17:38,blue,,,,,,,,,,,,
本票,愛媛,松山東,0675,負傷,0,1,01960,下,0000,201,夜－夜,雨,市街地－その他,舗装－湿潤,交差点－その他,環状交差点以外 環状交差点以外をいう。,点灯－３灯式,規制なし,表示なし,対象外当事者,その他,交差点－中（5.5m以上）－小,直線－平坦,交差点内,規制なし,中央分離帯,区分あり－縁石・ブロック等,人対車両,35～44歳,75歳以上,乗用車－普通車,歩行者,事業用,対象外当事者,乗用車,対象外当事者,40㎞／ｈ以下,対象外当事者,左前-無,無-無,中破,対象外当事者,その他,対象外当事者,その他,対象外当事者,損傷なし,負傷,水,その他,33.856283,132.759142,2019-12-25,21:51,blue,,,,,,,,,,,,
本票,愛媛,松山東,0676,負傷,0,1,37000,対象外,0000,201,昼－昼,曇,市街地－その他,舗装－乾燥,単路－その他,環状交差点以外 環状交差点以外をいう。,施設なし,対象外当事者,その他,対象外当事者,その他,単路－3.5m以上,直線－平坦,その他,規制なし,中央分離なし,区分なし,車両単独,0～24歳,不明,二輪車－原付自転車,相手なし,自家用,対象外当事者,対象外当事者,対象外当事者,指定の速度規制なし等,対象外当事者,無-無,無-無,中破,対象外当事者,対象外当事者,対象外当事者,対象外当事者,対象外当事者,負傷,対象外当事者,火,その他,33.856671,132.746496,2019-12-03,15:55,blue,,,,,,,,,,,,
本票,愛媛,松山東,0677,負傷,0,1,01960,下,0052,201,夜－夜,晴,市街地－その他,舗装－乾燥,単路－その他,環状交差点以外 環状交差点以外をいう。,施設なし,対象外当事者,その他,対象外当事者,その他,単路－13.0m以上,直線－平坦,その他,規制なし,中央分離帯,区分あり－縁石・ブロック等,車両相互,25～34歳,55～64歳,乗用車－普通車,二輪車－原付自転車,自家用,自家用,乗用車,対象外当事者,指定の速度規制なし等,指定の速度規制なし等,無-無,無-無,損壊なし,小破,その他,対象外当事者,その他,対象外当事者,損傷なし,負傷,月,その他,33.884114,132.751749,2019-12-09,18:50,blue,,,,,,,,,,,,
本票,愛媛,松山東,0678,負傷,0,1,37000,対象外,0000,201,夜－夜,晴,市街地－人口集中,舗装－乾燥,交差点－その他,環状交差点以外 環状交差点以外をいう。,施設なし,規制なし,表示なし,規制なし,表示なし,交差点－中（5.5m以上）－小,直線－平坦,交差点内,規制なし,中央分離帯,区分あり－縁石・ブロック等,車両相互,65～74歳,65～74歳,貨物車－軽自動車,軽車両－自転車,事業用,対象外当事者,貨物車,対象外当事者,30㎞／ｈ以下,対象外当事者,前-無,左-無,小破,小破,その他,対象外当事者,その他,対象外当事者,損傷なし,負傷,土,その他,33.837231,132.767810,2019-12-21,19:19,blue,,,,,,,,,,,,
本票,愛媛,松山東,0679,負傷,0,2,37000,対象外,0000,201,昼－昼,曇,市街地－人口集中,舗装－乾燥,交差点付近－その他,環状交差点以外 環状交差点以外をいう。,施設なし,対象外当事者,その他,対象外当事者,その他,単路－5.5m以上,カーブ・屈折－左－平坦,単路（交差点付近を含む）,規制なし,中央分離なし,区分あり－縁石・ブロック等,車両相互,65～74歳,55～64歳,乗用車－普通車,乗用車－普通車,自家用,自家用,乗用車,乗用車,40㎞／ｈ以下,40㎞／ｈ以下,左前-無,後-無,小破,小破,その他,その他,その他,その他,損傷なし,負傷,水,その他,33.821844,132.756305,2019-12-11,14:00,blue,,,,,,,,,,,,
本票,愛媛,松山東,0680,負傷,0,1,37000,対象外,0000,201,夜－夜,曇,市街地－人口集中,舗装－湿潤,交差点－その他,環状交差点以外 環状交差点以外をいう。,施設なし,規制なし,表示なし,規制なし,表示なし,交差点－小（5.5m未満）－小,直線－平坦,交差点内,規制なし,中央分離なし,区分あり－路側帯,車両相互,0～24歳,75歳以上,乗用車－軽自動車,乗用車－軽自動車,自家用,自家用,乗用車,乗用車,30㎞／ｈ以下,30㎞／ｈ以下,前-無,左-無,中破,大破,装備あり 作動,装備あり 作動,その他,装備あり 作動,損傷なし,負傷,火,その他,33.815557,132.732399,2019-12-17,20:13,blue,,,,,,,,,,,,
本票,愛媛,松山東,0681,負傷,0,1,01960,下,0000,201,昼－昼,晴,市街地－人口集中,舗装－乾燥,単路－その他,環状交差点以外 環状交差点以外をいう。,点灯－３灯式,対象外当事者,その他,対象外当事者,その他,単路－9.0m以上,直線－平坦,単路（交差点付近を含む）,規制なし,中央線－ペイント,区分あり－縁石・ブロック等,車両相互,75歳以上,75歳以上,二輪車－原付自転車,軽車両－自転車,自家用,対象外当事者,対象外当事者,対象外当事者,指定の速度規制なし等,対象外当事者,前-無,前-無,小破,小破,対象外当事者,対象外当事者,対象外当事者,対象外当事者,損傷なし,負傷,金,その他,33.850460,132.758681,2019-11-08,10:39,blue,,,,,,,,,,,,
本票,愛媛,松山東,0682,負傷,0,1,37000,対象外,0000,201,夜－夜,晴,市街地－人口集中,舗装－乾燥,交差点－その他,環状交差点以外 環状交差点以外をいう。,施設なし,規制なし,表示なし,標準－反射式,表示あり,交差点－中（5.5m以上）－中,直線－平坦,交差点内,規制なし,中央分離なし,区分あり－縁石・ブロック等,車両相互,55～64歳,0～24歳,乗用車－普通車,乗用車－軽自動車,事業用,自家用,乗用車,乗用車,40㎞／ｈ以下,40㎞／ｈ以下,左前-無,右前-無,小破,小破,その他,その他,その他,その他,損傷なし,損傷なし,土,その他,33.838573,132.755558,2019-12-14,18:35,blue,,,,,,,,,,,,
本票,愛媛,松山西,0229,負傷,0,1,14210,対象外,0000,201,昼－暮,晴,市街地－その他,舗装－乾燥,交差点－その他,環状交差点以外 環状交差点以外をいう。,施設なし,規制なし,表示なし,規制なし,表示なし,交差点－小（5.5m未満）－小,直線－平坦,交差点内,規制なし,中央分離なし,区分あり－路側帯,車両相互,55～64歳,0～24歳,乗用車－軽自動車,二輪車－原付自転車,自家用,自家用,乗用車,対象外当事者,指定の速度規制なし等,指定の速度規制なし等,前-無,左-無,小破,中破,その他,対象外当事者,その他,対象外当事者,損傷なし,負傷,日,その他,33.815362,132.718114,2019-11-24,16:37,blue,,,,,,,,,,,,
本票,愛媛,松山西,0230,負傷,0,1,14100,対象外,0000,201,夜－暮,晴,市街地－その他,舗装－乾燥,単路－その他,環状交差点以外 環状交差点以外をいう。,点灯－押ボタン式,対象外当事者,その他,対象外当事者,その他,単路－5.5m以上,直線－平坦,単路（交差点付近を含む）,規制なし,中央線－ペイント,区分あり－縁石・ブロック等,車両相互,55～64歳,55～64歳,乗用車－普通車,乗用車－軽自動車,事業用,自家用,乗用車,乗用車,40㎞／ｈ以下,40㎞／ｈ以下,後-無,前-無,中破,小破,その他,装備あり 作動,その他,その他,負傷,損傷なし,木,その他,33.828294,132.732498,2019-11-21,17:30,blue,,,,,,,,,,,,
本票,愛媛,松山西,0231,負傷,0,1,37000,対象外,0000,201,夜－暮,曇,非市街地,舗装－乾燥,単路－その他,環状交差点以外 環状交差点以外をいう。,施設なし,対象外当事者,その他,対象外当事者,その他,単路－5.5m以上,直線－平坦,単路（交差点付近を含む）,規制なし,中央分離なし,区分あり－路側帯,車両相互,35～44歳,45～54歳,乗用車－軽自動車,貨物車－軽自動車,自家用,自家用,乗用車,貨物車,30㎞／ｈ以下,30㎞／ｈ以下,後-無,前-無,小破,小破,その他,その他,その他,その他,負傷,損傷なし,月,その他,33.837549,132.711838,2019-11-25,17:05,blue,,,,,,,,,,,,
本票,愛媛,松山西,0232,負傷,0,3,37000,対象外,0000,201,昼－昼,晴,非市街地,舗装－乾燥,交差点－その他,環状交差点以外 環状交差点以外をいう。,施設なし,規制なし,表示なし,規制なし,表示なし,交差点－中（5.5m以上）－中,直線－平坦,交差点内,規制なし,中央線－ペイント,区分あり－縁石・ブロック等,車両相互,65～74歳,35～44歳,乗用車－軽自動車,乗用車－軽自動車,自家用,自家用,乗用車,乗用車,指定の速度規制なし等,指定の速度規制なし等,前-無,左-無,小破,小破,その他,その他,その他,その他,損傷なし,負傷,月,その他,33.945955,132.774892,2019-11-25,11:52,blue,,,,,,,,,,,,
本票,愛媛,松山西,0233,負傷,0,1,37000,対象外,0000,201,夜－夜,晴,市街地－人口集中,舗装－乾燥,交差点－その他,環状交差点以外 環状交差点以外をいう。,施設なし,標準－反射式,表示あり,規制なし,表示なし,交差点－中（5.5m以上）－小,直線－平坦,交差点内,規制なし,中央分離なし,区分あり－路側帯,車両相互,25～34歳,35～44歳,乗用車－軽自動車,軽車両－自転車,自家用,対象外当事者,乗用車,対象外当事者,指定の速度規制なし等,対象外当事者,前-無,右-無,小破,小破,その他,対象外当事者,その他,対象外当事者,損傷なし,負傷,金,前日,33.868859,132.750919,2019-11-22,18:55,blue,,,,,,,,,,,,
本票,愛媛,松山西,0234,負傷,0,1,14320,対象外,0000,201,昼－暮,晴,市街地－その他,舗装－乾燥,交差点付近－その他,環状交差点以外 環状交差点以外をいう。,点灯－３灯式,対象外当事者,その他,対象外当事者,その他,単路－13.0m以上,直線－平坦,単路（交差点付近を含む）,規制なし,中央分離帯,区分あり－縁石・ブロック等,車両相互,45～54歳,25～34歳,乗用車－軽自動車,乗用車－軽自動車,自家用,自家用,乗用車,乗用車,50㎞／ｈ以下,50㎞／ｈ以下,前-無,後-無,小破,小破,その他,その他,その他,その他,損傷なし,負傷,土,当日,33.849508,132.713409,2019-11-23,16:56,blue,,,,,,,,,,,,
本票,愛媛,松山西,0235,負傷,0,1,01960,下,1111,201,昼－昼,晴,市街地－その他,舗装－乾燥,交差点－その他,環状交差点以外 環状交差点以外をいう。,点灯－３灯式,規制なし,表示なし,規制なし,表示なし,交差点－大（13.0ｍ以上）－中,直線－平坦,交差点内,規制なし,中央線－ペイント,区分あり－縁石・ブロック等,車両相互,65～74歳,75歳以上,乗用車－軽自動車,軽車両－自転車,自家用,対象外当事者,乗用車,対象外当事者,40㎞／ｈ以下,対象外当事者,前-無,左-無,小破,中破,その他,対象外当事者,その他,対象外当事者,損傷なし,負傷,月,その他,33.903258,132.756950,2019-11-25,11:03,blue,,,,,,,,,,,,
本票,愛媛,松山西,0236,負傷,0,1,14100,対象外,0000,201,昼－昼,曇,非市街地,舗装－乾燥,単路－その他,環状交差点以外 環状交差点以外をいう。,施設なし,対象外当事者,その他,対象外当事者,その他,単路－9.0m以上,直線－平坦,単路（交差点付近を含む）,規制なし,中央分離なし,区分あり－縁石・ブロック等,車両相互,45～54歳,0～24歳,乗用車－普通車,貨物車－軽自動車,自家用,事業用,乗用車,貨物車,40㎞／ｈ以下,40㎞／ｈ以下,後-無,左前-無,小破,小破,その他,その他,その他,その他,負傷,損傷なし,火,その他,33.828279,132.727462,2019-12-03,15:27,blue,,,,,,,,,,,,
本票,愛媛,松山西,0237,負傷,0,1,37000,対象外,0000,201,昼－昼,雨,市街地－その他,舗装－湿潤,交差点－その他,環状交差点以外 環状交差点以外をいう。,施設なし,規制なし,表示なし,標準－反射式,表示なし,交差点－中（5.5m以上）－小,直線－平坦,交差点内,規制なし,中央分離なし,区分あり－路側帯,車両相互,65～74歳,0～24歳,貨物車－軽自動車,二輪車－原付自転車,自家用,自家用,貨物車,対象外当事者,30㎞／ｈ以下,30㎞／ｈ以下,左前-無,前-無,小破,小破,その他,対象外当事者,その他,対象外当事者,損傷なし,負傷,木,その他,33.977378,132.781026,2019-11-28,08:15,blue,,,,,,,,,,,,
本票,愛媛,松山西,0238,負傷,0,1,04370,対象外,0000,201,昼－暮,曇,市街地－その他,舗装－乾燥,交差点－その他,環状交差点以外 環状交差点以外をいう。,施設なし,規制なし,表示なし,規制なし,表示なし,交差点－大（13.0ｍ以上）－小,直線－平坦,交差点内,規制なし,中央分離なし,区分あり－路側帯,車両相互,45～54歳,0～24歳,乗用車－軽自動車,軽車両－自転車,自家用,対象外当事者,乗用車,対象外当事者,指定の速度規制なし等,対象外当事者,前-無,右-無,小破,小破,その他,対象外当事者,その他,対象外当事者,損傷なし,負傷,月,その他,33.855556,132.743277,2019-12-02,16:04,blue,,,,,,,,,,,,
本票,愛媛,松山西,0239,負傷,0,1,25000,対象外,0000,201,昼－昼,晴,市街地－その他,舗装－乾燥,単路－その他,環状交差点以外 環状交差点以外をいう。,施設なし,対象外当事者,その他,対象外当事者,その他,単路－3.5m以上,直線－平坦,単路（交差点付近を含む）,規制なし,中央分離なし,区分あり－路側帯,車両相互,35～44歳,55～64歳,乗用車－軽自動車,乗用車－軽自動車,自家用,自家用,乗用車,乗用車,20㎞／ｈ以下,30㎞／ｈ以下,前-無,後-無,小破,小破,その他,その他,その他,その他,損傷なし,負傷,水,その他,33.831813,132.724302,2019-11-20,08:52,blue,,,,,,,,,,,,
本票,愛媛,松山西,0240,負傷,0,1,14100,対象外,0000,201,夜－夜,晴,非市街地,舗装－乾燥,交差点付近－その他,環状交差点以外 環状交差点以外をいう。,点灯－押ボタン式,対象外当事者,その他,対象外当事者,その他,単路－5.5m以上,直線－平坦,単路（交差点付近を含む）,規制なし,中央分離なし,区分あり－縁石・ブロック等,車両相互,35～44歳,45～54歳,乗用車－普通車,乗用車－普通車,自家用,自家用,乗用車,乗用車,40㎞／ｈ以下,40㎞／ｈ以下,右前-無,左後-無,小破,小破,その他,その他,その他,その他,損傷なし,損傷なし,水,その他,33.828345,132.732074,2019-12-11,20:29,blue,,,,,,,,,,,,
本票,愛媛,松山西,0241,負傷,0,1,01960,上,0139,201,昼－昼,曇,市街地－人口集中,舗装－乾燥,交差点付近－その他,環状交差点以外 環状交差点以外をいう。,点灯－３灯式,対象外当事者,その他,対象外当事者,その他,単路－9.0m以上,直線－平坦,単路（交差点付近を含む）,規制なし,中央分離帯,区分あり－縁石・ブロック等,車両相互,45～54歳,35～44歳,乗用車－普通車,乗用車－軽自動車,自家用,自家用,乗用車,乗用車,指定の速度規制なし等,60㎞／ｈ以下,左-無,右前-無,小破,小破,その他,その他,その他,その他,負傷,損傷なし,水,その他,33.959579,132.777211,2019-12-04,14:05,blue,,,,,,,,,,,,
本票,愛媛,松山西,0242,負傷,0,1,37000,対象外,0000,201,昼－明,晴,市街地－その他,舗装－乾燥,交差点－その他,環状交差点以外 環状交差点以外をいう。,施設なし,規制なし,表示なし,規制なし,表示なし,交差点－中（5.5m以上）－小,直線－平坦,交差点内,規制なし,中央線－ペイント,区分あり－縁石・ブロック等,車両相互,0～24歳,55～64歳,貨物車－準中型車,乗用車－軽自動車,事業用,自家用,貨物車,乗用車,40㎞／ｈ以下,指定の速度規制なし等,前-無,左-無,小破,大破,その他,その他,その他,その他,損傷なし,負傷,金,その他,33.817354,132.717928,2019-11-29,07:25,blue,,,,,,,,,,,,
本票,愛媛,松山西,0243,負傷,0,1,37000,対象外,0000,201,夜－夜,雨,市街地－その他,舗装－湿潤,交差点付近－その他,環状交差点以外 環状交差点以外をいう。,点灯－３灯式,対象外当事者,その他,対象外当事者,その他,単路－5.5m以上,直線－平坦,単路（交差点付近を含む）,規制なし,中央分離なし,区分あり－路側帯,車両相互,35～44歳,0～24歳,乗用車－軽自動車,二輪車－自動二輪－原付二種－51～125cc,自家用,自家用,乗用車,対象外当事者,40㎞／ｈ以下,40㎞／ｈ以下,左前-無,後-無,小破,小破,その他,対象外当事者,その他,対象外当事者,損傷なし,負傷,火,その他,33.853343,132.719712,2019-12-17,00:10,blue,,,,,,,,,,,,
本票,愛媛,松山西,0244,負傷,0,1,14660,対象外,0000,201,昼－昼,曇,非市街地,舗装－乾燥,交差点－その他,環状交差点以外 環状交差点以外をいう。,施設なし,規制なし,表示なし,対象外当事者,その他,交差点－大（13.0ｍ以上）－小,直線－平坦,交差点内,規制なし,中央分離なし,区分あり－縁石・ブロック等,人対車両,35～44歳,35～44歳,乗用車－軽自動車,歩行者,自家用,対象外当事者,乗用車,対象外当事者,40㎞／ｈ以下,対象外当事者,左前-無,無-無,小破,対象外当事者,その他,対象外当事者,その他,対象外当事者,損傷なし,負傷,水,その他,33.934394,132.763168,2019-12-11,09:11,blue,,,,,,,,,,,,
本票,愛媛,松山西,0245,負傷,0,2,37000,対象外,0000,201,昼－昼,晴,市街地－その他,舗装－乾燥,交差点付近－その他,環状交差点以外 環状交差点以外をいう。,施設なし,対象外当事者,その他,対象外当事者,その他,単路－3.5m以上,直線－平坦,単路（交差点付近を含む）,規制なし,中央分離なし,区分あり－路側帯,車両相互,45～54歳,55～64歳,乗用車－普通車,二輪車－原付自転車,自家用,自家用,乗用車,対象外当事者,指定の速度規制なし等,指定の速度規制なし等,左前-無,右-無,損壊なし,小破,その他,対象外当事者,その他,対象外当事者,負傷,負傷,木,その他,33.809827,132.708891,2019-12-05,11:50,blue,,,,,,,,,,,,
本票,愛媛,松山西,0246,負傷,0,1,14320,対象外,0000,201,夜－暮,曇,非市街地,舗装－乾燥,交差点－その他,環状交差点以外 環状交差点以外をいう。,施設なし,標準－反射式,表示なし,規制なし,表示なし,交差点－中（5.5m以上）－中,直線－平坦,交差点内,規制なし,中央線－ペイント,区分あり－縁石・ブロック等,車両相互,45～54歳,35～44歳,乗用車－普通車,二輪車－自動二輪－原付二種－51～125cc,自家用,自家用,乗用車,対象外当事者,30㎞／ｈ以下,40㎞／ｈ以下,前-無,左-無,小破,小破,装備あり 作動,対象外当事者,その他,対象外当事者,損傷なし,負傷,木,その他,33.807954,132.701378,2019-12-19,17:47,blue,,,,,,,,,,,,
本票,愛媛,松山西,0247,負傷,0,2,37000,対象外,0000,201,昼－昼,曇,市街地－その他,舗装－乾燥,交差点－その他,環状交差点以外 環状交差点以外をいう。,施設なし,規制なし,表示なし,規制なし,表示なし,交差点－中（5.5m以上）－中,直線－平坦,交差点内,規制なし,中央分離なし,区分あり－路側帯,車両相互,35～44歳,55～64歳,乗用車－軽自動車,乗用車－軽自動車,自家用,自家用,乗用車,乗用車,指定の速度規制なし等,指定の速度規制なし等,前-無,左-無,小破,小破,その他,装備あり 作動,その他,その他,負傷,負傷,水,その他,33.892345,132.727355,2019-12-18,09:29,blue,,,,,,,,,,,,