資料区分,都道府県コード,警察署等コード,本票番号,事故内容,死者数,負傷者数,路線コード,上下線,地点コード,市区町村コード,昼夜,天候,地形,路面状態,道路形状,環状交差点の直径,信号機,一時停止規制　標識（当事者A）,一時停止規制　表示（当事者A）,一時停止規制　標識（当事者B）,一時停止規制　表示（当事者B）,車道幅員,道路線形,衝突地点,ゾーン規制,中央分離帯施設等,歩車道区分,事故類型,年齢（当事者A）,年齢（当事者B）,当事者種別（当事者A）,当事者種別（当事者B）,用途別（当事者A）,用途別（当事者B）,車両形状（当事者A）,車両形状（当事者B）,速度規制（指定のみ）（当事者A）,速度規制（指定のみ）（当事者B）,車両の衝突部位（当事者A）,車両の衝突部位（当事者B）,車両の損壊程度（当事者A）,車両の損壊程度（当事者B）,エアバッグの装備（当事者A）,エアバッグの装備（当事者B）,サイドエアバッグの装備（当事者A）,サイドエアバッグの装備（当事者B）,人身損傷程度（当事者A）,人身損傷程度（当事者B）,曜日(発生年月日),祝日(発生年月日),緯度,経度,発生日,発生時,color,発生地点,道路管理者区分,道路区分,道路構造,曲線半径,縦断勾配,トンネル番号,当事者車両台数,車両単独事故の対象物,臨時速度規制の有無,速度規制（臨時のみ）,トンネル延長距離
本票,愛媛,伊予,0089,負傷,0,1,37000,対象外,0000,401,昼－昼,晴,市街地－その他,舗装－乾燥,交差点－その他,環状交差点以外 環状交差点以外をいう。,点滅－１灯式,規制なし,表示なし,規制なし,表示なし,交差点－小（5.5m未満）－小,直線－平坦,交差点内,規制なし,中央分離なし,区分あり－縁石・ブロック等,車両相互,45～54歳,75歳以上,貨物車－軽自動車,二輪車－原付自転車,事業用,自家用,貨物車,対象外当事者,指定の速度規制なし等,指定の速度規制なし等,左前-無,右-無,小破,小破,その他,対象外当事者,その他,対象外当事者,損傷なし,負傷,土,その他,33.798574,132.726542,2019-11-30,14:57,blue,,,,,,,,,,,,
本票,愛媛,伊予,0090,負傷,0,1,37000,対象外,0000,210,昼－明,雨,市街地－人口集中,舗装－湿潤,交差点－その他,環状交差点以外 環状交差点以外をいう。,施設なし,標準－反射式,表示あり,規制なし,表示なし,交差点－中（5.5m以上）－小,直線－平坦,交差点内,規制なし,中央分離なし,区分なし,車両相互,25～34歳,0～24歳,乗用車－軽自動車,軽車両－自転車,自家用,対象外当事者,乗用車,対象外当事者,指定の速度規制なし等,対象外当事者,右前-無,前-無,小破,小破,その他,対象外当事者,その他,対象外当事者,損傷なし,負傷,木,その他,33.761477,132.712348,2019-11-28,07:48,blue,,,,,,,,,,,,
本票,愛媛,伊予,0091,負傷,0,1,03780,下,0000,210,昼－昼,晴,市街地－その他,舗装－乾燥,交差点付近－その他,環状交差点以外 環状交差点以外をいう。,点灯－歩車分式,対象外当事者,その他,対象外当事者,その他,単路－3.5m未満,直線－平坦,単路（交差点付近を含む）,規制なし,中央線－ペイント,区分あり－縁石・ブロック等,車両相互,65～74歳,35～44歳,乗用車－普通車,乗用車－軽自動車,事業用,自家用,乗用車,乗用車,40㎞／ｈ以下,40㎞／ｈ以下,前-無,後-無,小破,小破,その他,その他,その他,その他,損傷なし,負傷,火,その他,33.757491,132.703352,2019-12-10,13:50,blue,,,,,,,,,,,,
本票,愛媛,伊予,0092,負傷,0,1,99000,対象外,0000,210,昼－昼,晴,市街地－人口集中,舗装－乾燥,一般交通の場所,環状交差点以外 環状交差点以外をいう。,施設なし,対象外当事者,その他,対象外当事者,その他,一般交通の場所,一般交通の場所,その他,規制なし,一般交通の場所,区分なし,人対車両,25～34歳,75歳以上,乗用車－普通車,歩行者,自家用,対象外当事者,乗用車,対象外当事者,指定の速度規制なし等,対象外当事者,右前-無,無-無,小破,対象外当事者,その他,対象外当事者,その他,対象外当事者,損傷なし,負傷,金,その他,33.767509,132.706889,2019-12-13,14:05,blue,,,,,,,,,,,,
本票,愛媛,伊予,0093,負傷,0,1,25530,対象外,0000,401,昼－昼,晴,市街地－その他,舗装－乾燥,交差点－その他,環状交差点以外 環状交差点以外をいう。,施設なし,標準－反射式,表示なし,規制なし,表示なし,交差点－中（5.5m以上）－小,直線－平坦,交差点内,規制なし,中央線－ペイント,区分あり－縁石・ブロック等,車両相互,75歳以上,25～34歳,乗用車－軽自動車,二輪車－原付自転車,自家用,自家用,乗用車,対象外当事者,指定の速度規制なし等,30㎞／ｈ以下,右-無,前-無,小破,大破,その他,対象外当事者,その他,対象外当事者,損傷なし,負傷,金,その他,33.778891,132.727626,2019-12-13,09:57,blue,,,,,,,,,,,,
本票,愛媛,伊予,0094,死亡,1,0,37000,対象外,0000,401,夜－夜,曇,市街地－その他,舗装－湿潤,交差点付近－その他,環状交差点以外 環状交差点以外をいう。,施設なし,対象外当事者,その他,対象外当事者,その他,単路－3.5m以上,直線－平坦,単路（交差点付近を含む）,規制なし,中央分離なし,区分なし,人対車両,25～34歳,55～64歳,乗用車－普通車,歩行者,自家用,対象外当事者,乗用車,対象外当事者,30㎞／ｈ以下,対象外当事者,右前-無,無-無,小破,対象外当事者,その他,対象外当事者,その他,対象外当事者,損傷なし,死亡,日,その他,33.788651,132.705201,2019-12-22,21:25,red,,,,,,,,,,,,
本票,愛媛,伊予,0095,負傷,0,1,25300,対象外,0000,401,夜－夜,晴,市街地－その他,舗装－乾燥,交差点－その他,環状交差点以外 環状交差点以外をいう。,施設なし,規制なし,表示なし,規制なし,表示なし,交差点－中（5.5m以上）－中,直線－平坦,交差点内,規制なし,中央線－ペイント,区分あり－縁石・ブロック等,車両相互,0～24歳,45～54歳,乗用車－軽自動車,二輪車－原付自転車,自家用,自家用,乗用車,対象外当事者,40㎞／ｈ以下,指定の速度規制なし等,左前-無,前-無,小破,中破,その他,対象外当事者,その他,対象外当事者,損傷なし,負傷,日,その他,33.784824,132.732453,2019-12-15,18:30,blue,,,,,,,,,,,,
本票,愛媛,伊予,0096,負傷,0,1,03780,対象外,0000,210,夜－暮,晴,非市街地,舗装－乾燥,交差点－その他,環状交差点以外 環状交差点以外をいう。,点灯－３灯式,規制なし,表示なし,対象外当事者,その他,交差点－中（5.5m以上）－小,直線－平坦,交差点内,規制なし,中央線－ペイント,区分あり－路側帯,人対車両,65～74歳,55～64歳,乗用車－普通車,歩行者,自家用,対象外当事者,乗用車,対象外当事者,20㎞／ｈ以下,対象外当事者,前-無,無-無,小破,対象外当事者,その他,対象外当事者,その他,対象外当事者,損傷なし,負傷,木,その他,33.759924,132.705039,2019-12-19,17:59,blue,,,,,,,,,,,,
本票,愛媛,伊予,0097,負傷,0,1,14320,対象外,0000,401,昼－明,曇,市街地－人口集中,舗装－乾燥,交差点－その他,環状交差点以外 環状交差点以外をいう。,施設なし,規制なし,表示なし,規制なし,表示なし,交差点－中（5.5m以上）－小,直線－平坦,交差点内,規制なし,中央線－ペイント,区分あり－路側帯,車両相互,0～24歳,25～34歳,乗用車－普通車,乗用車－軽自動車,自家用,自家用,乗用車,乗用車,指定の速度規制なし等,40㎞／ｈ以下,前-無,左-無,小破,小破,その他,その他,その他,その他,損傷なし,負傷,火,その他,33.781986,132.703381,2019-12-24,07:50,blue,,,,,,,,,,,,
本票,愛媛,伊予,0098,負傷,0,1,00560,下,2861,401,夜－夜,晴,非市街地,舗装－乾燥,交差点－その他,環状交差点以外 環状交差点以外をいう。,点灯－３灯式,規制なし,表示なし,規制なし,表示なし,交差点－大（13.0ｍ以上）－中,直線－平坦,交差点内,規制なし,中央分離帯,区分あり－縁石・ブロック等,車両相互,25～34歳,25～34歳,乗用車－普通車,二輪車－原付自転車,自家用,自家用,乗用車,対象外当事者,40㎞／ｈ以下,指定の速度規制なし等,左前-無,右-無,小破,中破,その他,対象外当事者,その他,対象外当事者,損傷なし,負傷,月,その他,33.786451,132.715621,2019-12-16,19:00,blue,,,,,,,,,,,,
本票,愛媛,伊予,0099,負傷,0,1,37000,対象外,0000,210,夜－明,晴,市街地－その他,舗装－乾燥,単路－その他,環状交差点以外 環状交差点以外をいう。,施設なし,対象外当事者,その他,対象外当事者,その他,単路－5.5m以上,直線－平坦,単路（交差点付近を含む）,規制なし,中央線－ペイント,区分あり－縁石・ブロック等,車両相互,45～54歳,55～64歳,乗用車－軽自動車,貨物車－軽自動車,自家用,自家用,乗用車,貨物車,40㎞／ｈ以下,40㎞／ｈ以下,前-無,前-無,中破,中破,装備あり 作動,その他,その他,その他,損傷なし,負傷,月,その他,33.758509,132.700112,2019-12-09,06:04,blue,,,,,,,,,,,,
本票,愛媛,大洲,0076,負傷,0,1,01970,対象外,0000,207,夜－暮,晴,非市街地,舗装－乾燥,単路－その他,環状交差点以外 環状交差点以外をいう。,施設なし,対象外当事者,その他,対象外当事者,その他,単路－5.5m以上,直線－平坦,単路（交差点付近を含む）,規制なし,中央線－ペイント,区分あり－縁石・ブロック等,車両相互,65～74歳,35～44歳,乗用車－普通車,乗用車－普通車,自家用,自家用,乗用車,乗用車,50㎞／ｈ以下,50㎞／ｈ以下,左前-無,右後-無,中破,小破,装備あり 作動,その他,装備あり 作動,その他,損傷なし,負傷,土,その他,33.490403,132.516048,2019-11-30,17:48,blue,,,,,,,,,,,,
本票,愛媛,大洲,0077,負傷,0,1,00560,上,0000,207,昼－昼,曇,市街地－その他,舗装－乾燥,交差点－その他,環状交差点以外 環状交差点以外をいう。,施設なし,標準－反射式,表示あり,対象外当事者,その他,交差点－中（5.5m以上）－中,直線－平坦,交差点内,規制なし,中央分離なし,区分あり－縁石・ブロック等,人対車両,35～44歳,55～64歳,乗用車－普通車,歩行者,自家用,対象外当事者,乗用車,対象外当事者,40㎞／ｈ以下,対象外当事者,前-無,無-無,小破,対象外当事者,その他,対象外当事者,その他,対象外当事者,損傷なし,負傷,金,その他,33.532307,132.577688,2019-12-06,10:16,blue,,,,,,,,,,,,
本票,愛媛,大洲,0078,負傷,0,1,00560,下,0000,207,夜－夜,曇,市街地－その他,舗装－乾燥,交差点付近－その他,環状交差点以外 環状交差点以外をいう。,点灯－３灯式,対象外当事者,その他,対象外当事者,その他,単路－3.5m以上,直線－平坦,単路（交差点付近を含む）,規制なし,中央線－ペイント,区分あり－縁石・ブロック等,車両相互,45～54歳,25～34歳,乗用車－普通車,二輪車－自動二輪－軽二輪－126～250cc,自家用,自家用,乗用車,対象外当事者,50㎞／ｈ以下,50㎞／ｈ以下,前-無,右-無,小破,小破,その他,対象外当事者,その他,対象外当事者,損傷なし,負傷,水,その他,33.530681,132.571585,2019-12-18,21:11,blue,,,,,,,,,,,,
本票,愛媛,八幡浜,0035,負傷,0,1,01970,対象外,0000,204,昼－昼,曇,市街地－その他,舗装－乾燥,交差点付近－その他,環状交差点以外 環状交差点以外をいう。,点灯－３灯式,対象外当事者,その他,対象外当事者,その他,単路－9.0m以上,直線－平坦,単路（交差点付近を含む）,規制なし,中央線－ペイント,区分あり－縁石・ブロック等,車両相互,55～64歳,65～74歳,乗用車－普通車,乗用車－普通車,自家用,自家用,乗用車,乗用車,40㎞／ｈ以下,40㎞／ｈ以下,前-無,後-前,小破,小破,その他,その他,その他,その他,損傷なし,損傷なし,木,その他,33.458537,132.434917,2019-12-05,13:40,blue,,,,,,,,,,,,
本票,愛媛,八幡浜,0036,負傷,0,1,99000,対象外,0000,442,昼－昼,晴,市街地－その他,舗装－乾燥,一般交通の場所,環状交差点以外 環状交差点以外をいう。,施設なし,対象外当事者,その他,対象外当事者,その他,一般交通の場所,一般交通の場所,その他,規制なし,一般交通の場所,区分なし,人対車両,55～64歳,45～54歳,乗用車－軽自動車,歩行者,自家用,対象外当事者,乗用車,対象外当事者,20㎞／ｈ以下,対象外当事者,右前-無,無-無,小破,対象外当事者,その他,対象外当事者,その他,対象外当事者,損傷なし,負傷,水,その他,33.401676,132.138974,2019-12-11,13:38,blue,,,,,,,,,,,,
本票,愛媛,西予,0040,負傷,0,1,00560,下,2212,214,昼－昼,曇,市街地－人口集中,舗装－湿潤,交差点－その他,環状交差点以外 環状交差点以外をいう。,点灯－３灯式,規制なし,表示なし,規制なし,表示なし,交差点－中（5.5m以上）－中,直線－平坦,交差点内,規制なし,中央線－ペイント,区分あり－防護柵等,車両相互,55～64歳,45～54歳,貨物車－準中型車,乗用車－普通車,自家用,自家用,貨物車,乗用車,50㎞／ｈ以下,50㎞／ｈ以下,前-無,後-無,小破,中破,その他,その他,その他,その他,損傷なし,負傷,月,その他,33.359106,132.517831,2019-12-02,13:38,blue,,,,,,,,,,,,
本票,愛媛,西予,0041,負傷,0,1,00560,下,2212,214,昼－昼,雨,非市街地,舗装－湿潤,交差点－その他,環状交差点以外 環状交差点以外をいう。,点灯－３灯式,規制なし,表示なし,規制なし,表示なし,交差点－大（13.0ｍ以上）－中,直線－平坦,交差点内,規制なし,中央線－ペイント,区分あり－縁石・ブロック等,車両相互,75歳以上,75歳以上,貨物車－軽自動車,軽車両－自転車,自家用,対象外当事者,貨物車,対象外当事者,40㎞／ｈ以下,対象外当事者,無-無,無-無,損壊なし,小破,その他,対象外当事者,その他,対象外当事者,損傷なし,負傷,月,その他,33.359120,132.517824,2019-12-30,09:59,blue,,,,,,,,,,,,
本票,愛媛,宇和島,0112,負傷,0,1,37000,対象外,0000,203,昼－暮,曇,市街地－その他,舗装－乾燥,交差点－その他,環状交差点以外 環状交差点以外をいう。,施設なし,規制なし,表示なし,規制なし,表示なし,交差点－中（5.5m以上）－小,直線－平坦,交差点内,規制なし,中央分離なし,区分なし,車両相互,0～24歳,25～34歳,乗用車－軽自動車,軽車両－自転車,自家用,対象外当事者,乗用車,対象外当事者,指定の速度規制なし等,対象外当事者,左前-無,右-無,小破,小破,その他,対象外当事者,その他,対象外当事者,損傷なし,負傷,水,その他,33.223298,132.565590,2019-11-27,16:38,blue,,,,,,,,,,,,
本票,愛媛,宇和島,0113,負傷,0,1,37000,対象外,0000,488,昼－昼,晴,市街地－その他,舗装－乾燥,交差点－その他,環状交差点以外 環状交差点以外をいう。,施設なし,標準－反射式,表示あり,規制なし,表示なし,交差点－中（5.5m以上）－小,直線－平坦,交差点内,規制なし,中央線－ペイント,区分あり－縁石・ブロック等,車両相互,55～64歳,35～44歳,貨物車－軽自動車,貨物車－軽自動車,自家用,自家用,貨物車,貨物車,30㎞／ｈ以下,30㎞／ｈ以下,左前-無,右後-無,小破,小破,その他,その他,その他,その他,損傷なし,負傷,月,その他,33.255798,132.678971,2019-12-09,14:09,blue,,,,,,,,,,,,
本票,愛媛,宇和島,0114,負傷,0,1,37000,対象外,0000,203,昼－暮,雨,市街地－その他,舗装－湿潤,交差点－その他,環状交差点以外 環状交差点以外をいう。,施設なし,規制なし,表示なし,標準－反射式,表示あり,交差点－中（5.5m以上）－小,直線－平坦,交差点内,規制なし,中央分離なし,区分なし,車両相互,55～64歳,75歳以上,乗用車－普通車,軽車両－駆動補助機付自転車,自家用,対象外当事者,乗用車,対象外当事者,30㎞／ｈ以下,対象外当事者,右前-無,前-無,小破,小破,その他,対象外当事者,その他,対象外当事者,損傷なし,負傷,月,その他,33.222589,132.563035,2019-11-18,16:30,blue,,,,,,,,,,,,
本票,愛媛,宇和島,0115,負傷,0,1,00560,下,2042,203,昼－昼,晴,非市街地,舗装－乾燥,単路－その他,環状交差点以外 環状交差点以外をいう。,施設なし,対象外当事者,その他,対象外当事者,その他,単路－5.5m以上,直線－平坦,単路（交差点付近を含む）,規制なし,中央線－ペイント,区分あり－縁石・ブロック等,車両相互,75歳以上,65～74歳,乗用車－普通車,乗用車－軽自動車,自家用,自家用,乗用車,乗用車,50㎞／ｈ以下,50㎞／ｈ以下,後-無,前-無,小破,小破,その他,その他,その他,その他,負傷,損傷なし,金,その他,33.252703,132.572901,2019-12-13,08:19,blue,,,,,,,,,,,,
本票,愛媛,宇和島,0116,負傷,0,1,37000,対象外,0000,203,昼－暮,曇,市街地－その他,舗装－湿潤,交差点－その他,環状交差点以外 環状交差点以外をいう。,施設なし,標準－反射式,表示なし,規制なし,表示なし,交差点－小（5.5m未満）－小,直線－平坦,交差点内,規制なし,中央分離なし,区分なし,車両相互,55～64歳,75歳以上,乗用車－普通車,軽車両－自転車,自家用,対象外当事者,乗用車,対象外当事者,指定の速度規制なし等,対象外当事者,右前-無,前-無,小破,小破,その他,対象外当事者,その他,対象外当事者,損傷なし,負傷,月,その他,33.209724,132.554395,2019-11-18,16:35,blue,,,,,,,,,,,,
本票,愛媛,宇和島,0117,死亡,1,0,00560,下,1962,203,昼－明,雨,非市街地,舗装－湿潤,交差点－その他,環状交差点以外 環状交差点以外をいう。,施設なし,規制なし,表示なし,対象外当事者,その他,交差点－中（5.5m以上）－中,直線－平坦,交差点内,規制なし,中央線－ペイント,区分あり－縁石・ブロック等,人対車両,45～54歳,75歳以上,貨物車－中型車,歩行者,自家用,対象外当事者,貨物車,対象外当事者,40㎞／ｈ以下,対象外当事者,前-無,無-無,小破,対象外当事者,その他,対象外当事者,その他,対象外当事者,損傷なし,死亡,水,その他,33.189889,132.547858,2019-12-18,07:27,red,,,,,,,,,,,,
本票,愛媛,宇和島,0118,負傷,0,1,14510,対象外,0000,203,昼－昼,曇,非市街地,舗装－乾燥,単路－カーブ・屈折,環状交差点以外 環状交差点以外をいう。,施設なし,対象外当事者,その他,対象外当事者,その他,単路－5.5m以上,カーブ・屈折－左－上り,単路（交差点付近を含む）,規制なし,中央分離なし,区分あり－路側帯,車両相互,35～44歳,0～24歳,乗用車－普通車,貨物車－普通車,自家用,自家用,乗用車,貨物車,指定の速度規制なし等,指定の速度規制なし等,右-右後,右前-無,小破,小破,その他,その他,その他,その他,負傷,損傷なし,火,その他,33.063935,132.553260,2019-12-10,15:20,blue,,,,,,,,,,,,
本票,愛媛,宇和島,0119,負傷,0,1,00560,上,1788,203,昼－昼,曇,非市街地,舗装－乾燥,単路－その他,環状交差点以外 環状交差点以外をいう。,施設なし,対象外当事者,その他,対象外当事者,その他,単路－5.5m以上,直線－平坦,単路（交差点付近を含む）,規制なし,中央線－ペイント,区分あり－縁石・ブロック等,車両相互,65～74歳,0～24歳,貨物車－普通車,乗用車－軽自動車,自家用,自家用,貨物車,乗用車,50㎞／ｈ以下,50㎞／ｈ以下,前-無,後-無,小破,小破,その他,その他,その他,その他,損傷なし,負傷,月,その他,33.076968,132.487615,2019-12-02,13:02,blue,,,,,,,,,,,,
本票,愛媛,宇和島,0120,負傷,0,1,25330,対象外,0000,203,夜－夜,晴,非市街地,舗装－乾燥,交差点付近－その他,環状交差点以外 環状交差点以外をいう。,施設なし,対象外当事者,その他,対象外当事者,その他,単路－5.5m以上,直線－平坦,単路（交差点付近を含む）,規制なし,中央分離帯,区分あり－防護柵等,車両相互,45～54歳,25～34歳,乗用車－軽自動車,二輪車－自動二輪－軽二輪－126～250cc,自家用,自家用,乗用車,対象外当事者,40㎞／ｈ以下,40㎞／ｈ以下,左前-無,後-無,小破,小破,その他,対象外当事者,その他,対象外当事者,損傷なし,負傷,金,その他,33.216801,132.553945,2019-12-20,21:32,blue,,,,,,,,,,,,
本票,愛媛,宇和島,0121,負傷,0,1,14031,対象外,0000,203,昼－昼,晴,非市街地,舗装－乾燥,単路－カーブ・屈折,環状交差点以外 環状交差点以外をいう。,施設なし,対象外当事者,その他,対象外当事者,その他,単路－5.5m以上,カーブ・屈折－左－下り,単路（交差点付近を含む）,規制なし,中央分離なし,区分あり－路側帯,車両相互,55～64歳,55～64歳,乗用車－普通車,二輪車－自動二輪－小型二輪－751ｃｃ以上,自家用,自家用,乗用車,対象外当事者,50㎞／ｈ以下,50㎞／ｈ以下,右前-無,前-無,中破,中破,装備あり 作動,対象外当事者,その他,対象外当事者,損傷なし,負傷,土,その他,33.095468,132.592093,2018-05-12,14:15,blue,,,,,,,,,,,,
本票,愛媛,宇和島,0122,負傷,0,1,37000,対象外,0000,203,夜－暮,雨,市街地－その他,舗装－湿潤,交差点－その他,環状交差点以外 環状交差点以外をいう。,施設なし,規制なし,表示なし,対象外当事者,その他,交差点－中（5.5m以上）－小,直線－平坦,交差点内,規制なし,中央分離なし,区分あり－路側帯,人対車両,45～54歳,0～24歳,貨物車－軽自動車,歩行者,自家用,対象外当事者,貨物車,対象外当事者,30㎞／ｈ以下,対象外当事者,右前-無,無-無,中破,対象外当事者,その他,対象外当事者,その他,対象外当事者,損傷なし,負傷,木,その他,33.237009,132.570910,2019-12-26,17:40,blue,,,,,,,,,,,,
本票,愛媛,宇和島,0123,負傷,0,2,03200,下,0000,488,夜－夜,晴,非市街地,舗装－乾燥,単路－その他,環状交差点以外 環状交差点以外をいう。,施設なし,対象外当事者,その他,対象外当事者,その他,単路－5.5m以上,直線－平坦,その他,規制なし,中央分離なし,区分あり－縁石・ブロック等,車両相互,0～24歳,0～24歳,乗用車－軽自動車,軽車両－自転車,自家用,対象外当事者,乗用車,対象外当事者,50㎞／ｈ以下,対象外当事者,前-左,後-無,中破,大破,その他,対象外当事者,その他,対象外当事者,損傷なし,負傷,土,その他,33.243352,132.628685,2019-12-14,18:45,blue,,,,,,,,,,,,
本票,愛媛,宇和島,0124,死亡,1,0,00560,上,0000,203,夜－夜,晴,非市街地,舗装－乾燥,単路－その他,環状交差点以外 環状交差点以外をいう。,施設なし,対象外当事者,その他,対象外当事者,その他,単路－5.5m以上,直線－平坦,単路（交差点付近を含む）,規制なし,中央線－ペイント,区分あり－路側帯,人対車両,25～34歳,55～64歳,乗用車－普通車,歩行者,自家用,対象外当事者,乗用車,対象外当事者,50㎞／ｈ以下,対象外当事者,左前-無,無-無,損壊なし,対象外当事者,その他,対象外当事者,その他,対象外当事者,損傷なし,死亡,土,その他,33.269285,132.542975,2019-12-28,20:38,red,,,,,,,,,,,,
本票,愛媛,松山南,0413,負傷,0,1,37000,対象外,0000,201,夜－夜,晴,非市街地,舗装－乾燥,交差点－その他,環状交差点以外 環状交差点以外をいう。,施設なし,標準－反射式,表示あり,規制なし,表示なし,交差点－小（5.5m未満）－小,直線－平坦,交差点内,規制なし,中央分離なし,区分あり－路側帯,車両相互,55～64歳,0～24歳,乗用車－普通車,軽車両－自転車,事業用,対象外当事者,乗用車,対象外当事者,指定の速度規制なし等,対象外当事者,右前-前,右-後,小破,小破,その他,対象外当事者,その他,対象外当事者,損傷なし,負傷,木,その他,33.800252,132.839988,2019-11-14,20:10,blue,,,,,,,,,,,,
本票,愛媛,松山南,0414,負傷,0,1,37000,対象外,0000,215,昼－暮,晴,非市街地,舗装－乾燥,交差点－その他,環状交差点以外 環状交差点以外をいう。,施設なし,標準－反射式,表示あり,規制なし,表示なし,交差点－中（5.5m以上）－中,直線－平坦,交差点内,規制なし,中央線－ペイント,区分あり－縁石・ブロック等,車両相互,65～74歳,0～24歳,乗用車－普通車,二輪車－原付自転車,自家用,自家用,乗用車,対象外当事者,指定の速度規制なし等,指定の速度規制なし等,右-右後,前-無,小破,小破,その他,対象外当事者,その他,対象外当事者,損傷なし,負傷,木,その他,33.795237,132.837516,2019-11-28,16:46,blue,,,,,,,,,,,,
本票,愛媛,松山南,0415,負傷,0,1,37000,対象外,0000,215,昼－昼,曇,非市街地,舗装－乾燥,交差点－その他,環状交差点以外 環状交差点以外をいう。,施設なし,規制なし,表示なし,規制なし,表示なし,交差点－中（5.5m以上）－小,直線－平坦,交差点内,規制なし,中央分離なし,区分あり－縁石・ブロック等,車両相互,45～54歳,45～54歳,乗用車－軽自動車,二輪車－原付自転車,自家用,自家用,乗用車,対象外当事者,50㎞／ｈ以下,指定の速度規制なし等,左前-無,前-無,小破,小破,その他,対象外当事者,その他,対象外当事者,損傷なし,負傷,木,その他,33.786705,132.836040,2019-11-14,08:12,blue,,,,,,,,,,,,
本票,愛媛,松山南,0416,負傷,0,1,37000,対象外,0000,215,夜－暮,晴,非市街地,舗装－乾燥,単路－その他,環状交差点以外 環状交差点以外をいう。,施設なし,対象外当事者,その他,対象外当事者,その他,単路－3.5m未満,直線－平坦,単路（交差点付近を含む）,規制なし,中央分離なし,区分なし,車両単独,65～74歳,不明,軽車両－自転車,相手なし,対象外当事者,対象外当事者,対象外当事者,対象外当事者,対象外当事者,対象外当事者,左-無,無-無,小破,対象外当事者,対象外当事者,対象外当事者,対象外当事者,対象外当事者,負傷,対象外当事者,土,その他,33.796059,132.888537,2019-11-16,17:55,blue,,,,,,,,,,,,
本票,愛媛,松山南,0418,負傷,0,3,00330,上,1154,201,昼－明,曇,非市街地,舗装－乾燥,交差点付近－その他,環状交差点以外 環状交差点以外をいう。,施設なし,対象外当事者,その他,対象外当事者,その他,単路－5.5m以上,直線－平坦,単路（交差点付近を含む）,規制なし,中央分離帯,区分あり－縁石・ブロック等,車両相互,75歳以上,25～34歳,貨物車－普通車,乗用車－軽自動車,自家用,自家用,貨物車,乗用車,50㎞／ｈ以下,50㎞／ｈ以下,前-無,後-無,中破,中破,その他,その他,その他,その他,損傷なし,負傷,土,その他,33.804739,132.782252,2019-11-09,07:29,blue,,,,,,,,,,,,
本票,愛媛,松山南,0419,負傷,0,1,37000,対象外,0000,201,昼－昼,晴,非市街地,舗装－乾燥,交差点－その他,環状交差点以外 環状交差点以外をいう。,施設なし,標準－反射式,表示あり,規制なし,表示なし,交差点－中（5.5m以上）－小,直線－平坦,交差点内,規制なし,中央分離なし,区分あり－路側帯,車両相互,45～54歳,25～34歳,乗用車－軽自動車,乗用車－軽自動車,自家用,自家用,乗用車,乗用車,指定の速度規制なし等,指定の速度規制なし等,右前-無,左前-無,中破,中破,装備あり 作動,装備あり 作動,その他,その他,損傷なし,負傷,金,その他,33.799264,132.788013,2019-11-29,09:59,blue,,,,,,,,,,,,
本票,愛媛,松山南,0420,負傷,0,1,37000,対象外,0000,201,夜－夜,晴,非市街地,舗装－乾燥,単路－その他,環状交差点以外 環状交差点以外をいう。,施設なし,対象外当事者,その他,対象外当事者,その他,単路－5.5m以上,直線－平坦,単路（交差点付近を含む）,規制なし,中央分離なし,区分あり－路側帯,車両相互,25～34歳,25～34歳,乗用車－軽自動車,乗用車－軽自動車,自家用,自家用,乗用車,乗用車,50㎞／ｈ以下,50㎞／ｈ以下,前-無,後-無,小破,小破,その他,その他,その他,その他,損傷なし,負傷,土,その他,33.796446,132.795848,2019-11-30,22:27,blue,,,,,,,,,,,,
本票,愛媛,松山南,0421,負傷,0,1,37000,対象外,0000,201,昼－昼,晴,非市街地,舗装－乾燥,交差点－その他,環状交差点以外 環状交差点以外をいう。,施設なし,標準－反射式,表示あり,規制なし,表示なし,交差点－小（5.5m未満）－小,直線－平坦,交差点内,規制なし,中央分離なし,区分あり－路側帯,車両相互,45～54歳,0～24歳,乗用車－普通車,二輪車－原付自転車,自家用,自家用,乗用車,対象外当事者,指定の速度規制なし等,指定の速度規制なし等,前-無,左-無,小破,小破,その他,対象外当事者,その他,対象外当事者,損傷なし,負傷,土,その他,33.810274,132.812506,2019-11-16,15:30,blue,,,,,,,,,,,,
本票,愛媛,松山南,0422,負傷,0,1,37000,対象外,0000,201,昼－昼,晴,非市街地,舗装－乾燥,交差点－その他,環状交差点以外 環状交差点以外をいう。,施設なし,規制なし,表示なし,規制なし,表示なし,交差点－小（5.5m未満）－小,直線－平坦,交差点内,規制なし,中央分離なし,区分なし,車両相互,65～74歳,0～24歳,乗用車－普通車,軽車両－自転車,自家用,対象外当事者,乗用車,対象外当事者,指定の速度規制なし等,対象外当事者,前-無,右-無,小破,小破,その他,対象外当事者,その他,対象外当事者,損傷なし,負傷,木,その他,33.809686,132.798787,2019-12-05,12:20,blue,,,,,,,,,,,,